arm,config,seeds,viol_mean,viol_sd,probe_best_mean,gap_mean,n_probes_min,n_probes_max
ddqn,lr3e-4_ts2000_b21_ed100000,2,38.8,0.4714045207910325,27.666666666666664,11.133333333333336,11,11
ddqn,lr3e-4_ts2000_b11_ed30000,2,39.83333333333333,7.4010509764191985,27.799999999999997,12.033333333333331,11,11
ddqn,lr3e-4_ts500_b21_ed30000,2,41.016666666666666,2.0977501175200923,27.666666666666664,13.35,11,11
ddqn,lr3e-4_ts500_b11_ed100000,2,43.983333333333334,5.067598598503592,35.0,8.983333333333338,11,11
ddqn,lr1e-4_ts500_b21_ed100000,2,48.0,8.768124086713193,38.46666666666667,9.533333333333335,11,11
ddqn,lr1e-4_ts500_b11_ed30000,2,51.78333333333334,2.144890569599193,42.2,9.58333333333334,11,11
ddqn,lr1e-4_ts2000_b11_ed100000,2,52.03333333333334,2.357022603955155,42.86666666666667,9.166666666666671,11,11
ddqn,lr1e-4_ts2000_b21_ed30000,2,52.8,0.188561808316412,44.4,8.399999999999999,11,11
dqn,lr3e-4_ts500_b11_ed100000,2,37.41666666666667,0.5892556509887887,27.199999999999996,10.21666666666667,11,11
dqn,lr3e-4_ts500_b21_ed30000,2,37.45,1.9091883092036803,27.666666666666664,9.783333333333339,11,11
dqn,lr3e-4_ts2000_b21_ed100000,2,37.833333333333336,0.14142135623731153,28.200000000000003,9.633333333333335,11,11
dqn,lr3e-4_ts2000_b11_ed30000,2,40.099999999999994,4.054078878802871,24.666666666666664,15.433333333333332,11,11
dqn,lr1e-4_ts2000_b11_ed100000,2,46.733333333333334,2.9227080289043936,39.86666666666666,6.866666666666671,11,11
dqn,lr1e-4_ts500_b21_ed100000,2,48.28333333333333,7.848885271170681,38.733333333333334,9.550000000000004,11,11
dqn,lr1e-4_ts500_b11_ed30000,2,49.15,2.7577164466275392,42.0,7.149999999999999,11,11
dqn,lr1e-4_ts2000_b21_ed30000,2,53.28333333333333,1.3906433363335373,43.46666666666667,9.81666666666667,11,11
ppo,lr3e-4_ent0.01_clip_rs19.0106,2,51.866666666666674,3.5826743580118405,40.93333333333333,10.93333333333334,147,147
ppo,lr1e-4_ent0.0_tanh_rs1.0,2,52.8,0.42426406871193206,41.2,11.600000000000001,147,147
ppo,lr3e-4_ent0.01_tanh_rs1.0,2,53.18333333333334,6.293250352560277,42.06666666666666,11.116666666666674,147,147
ppo,lr1e-4_ent0.01_tanh_rs19.0106,2,53.666666666666664,0.14142135623731153,41.93333333333333,11.733333333333334,147,147
ppo,lr1e-4_ent0.01_clip_rs1.0,2,54.25,1.1549410759380248,41.86666666666666,12.383333333333336,147,147
ppo,lr1e-4_ent0.0_clip_rs19.0106,2,54.58333333333333,1.5320646925708539,41.46666666666666,13.11666666666667,147,147
ppo,lr3e-4_ent0.0_clip_rs1.0,2,54.68333333333334,2.333452377915607,41.133333333333326,13.550000000000004,147,147
ppo,lr3e-4_ent0.0_tanh_rs19.0106,2,55.0,1.5084944665312985,42.8,12.199999999999996,147,147
sdhppo,lr3e-4_ent0.01_clip_rs19.0106,2,51.766666666666666,0.377123616632824,40.8,10.966666666666672,147,147
sdhppo,lr3e-4_ent0.0_clip_rs1.0,2,51.96666666666667,0.518544972870128,41.266666666666666,10.700000000000003,147,147
sdhppo,lr1e-4_ent0.0_tanh_rs1.0,2,53.16666666666667,0.37712361663281646,41.86666666666666,11.300000000000004,147,147
sdhppo,lr1e-4_ent0.01_clip_rs1.0,2,54.16666666666666,2.687005768508886,42.0,12.166666666666657,147,147
sdhppo,lr1e-4_ent0.01_tanh_rs19.0106,2,55.08333333333333,2.8991378028648485,41.733333333333334,13.350000000000001,147,147
sdhppo,lr3e-4_ent0.0_tanh_rs19.0106,2,56.16666666666667,1.744196726926811,42.93333333333333,13.233333333333338,147,147
sdhppo,lr1e-4_ent0.0_clip_rs19.0106,2,57.21666666666667,5.5861435713737295,44.133333333333326,13.08333333333334,147,147
sdhppo,lr3e-4_ent0.01_tanh_rs1.0,2,57.25,6.057548092164756,43.33333333333333,13.916666666666668,147,147
