Proposed (SDH-PPO),PPO Standard,DQN,DDQN,Static
63.46911898844099,63.81274182803655,69.74346,70.4408946,74.50449693173182
75.0229959193027,75.85973821938299,82.58089,82.58089,80.93579622745347
59.413158710616116,59.60082018761158,65.232544,65.88486944,64.75663301666737
92.89381836083213,93.93654608214186,102.437386,103.46175986,102.83994792320074
75.15817862101478,80.26340522012524,82.72759,82.72759,76.42134799753994
58.9258743986057,58.74204399391949,64.69541,65.3423641,66.77476244434466
63.32068411233909,63.85444566816092,69.57819,70.2739719,71.82339535889562
64.13589784023868,64.07247947959806,70.48433,71.18917330000001,74.9925188323538
56.44157719231397,56.34092545014799,61.93495,62.5542995,65.2090702835291
83.1880095648176,83.15272394401872,91.65333,92.5698633,93.62594719528664
58.04971621685794,63.46695482377116,63.721855,63.721855,60.767117100619245
58.25345782192861,61.71192292065881,63.948242,63.948242,38.24411200607305
55.348726076287065,55.80377737854692,60.720703,61.32791003,63.4875000731585
71.60683460123134,71.51934073712951,78.784706,78.784706,73.50599678398152
81.57602361154557,82.34233130148196,89.86162,90.7602362,87.27332431129166
56.554926679650215,56.72960999467767,62.061028,62.061028,53.03198873666405
50.29040332724486,50.316982634142974,55.100304,55.100304,55.88458209934778
63.893576636563765,64.36510655135973,70.215034,70.91718434,74.00336759218372
54.280096354846954,54.687497467468255,59.53344,60.1287744,62.79655684759108
50.71582713110885,51.789971174577175,55.573135,56.12886635,55.83397011635491
79.47477960852368,79.92310521091312,87.52753,88.4028053,94.34048006259532
54.34648617646486,55.47472476467758,59.606865,60.20293365,60.92093537256705
67.582537,71.87844153910736,74.31393,75.0570693,78.87430271352042
61.9305558230418,62.004604782400136,68.0339,68.0339,64.24940714341743
73.01173701692755,75.99590471011835,80.345505,80.345505,82.47073628220058
67.99457368907899,69.41946636051267,74.77165,74.77165,74.57848852885797
53.62379833902228,53.61803578330791,58.80419,59.3922319,62.558316001721074
45.76473019821299,49.8108093904401,50.071815,50.071815,44.92477479741709
57.47646000193128,59.27888604499874,63.084656,63.71550256,66.37805664659359
74.99611712633752,75.28037960125327,82.55022,83.3757222,82.26093255174737
59.01354454128227,60.65645467251053,64.792496,65.44042096,70.17460044511225
69.51334751146557,72.18493073776828,76.459274,76.459274,74.58811010435295
99.1005947054217,99.02973935024644,109.33369,109.33369,105.6978184592422
49.27973660485309,49.425370510747285,53.976585,54.51635085,54.805156121668325
77.25547802802754,84.11889259285044,85.06164,85.06164,87.0007157250889
50.00945154856267,50.47409259804406,54.788216,55.33609816,56.59474393506446
87.21399030385565,88.40158900209367,96.12647,96.12647,81.94284070562408
58.63893727763581,58.472025311036646,64.37651,64.37651,59.55569275848707
66.35123578307504,67.25372044138742,72.94579,73.6752479,75.11992849751563
80.38616687946129,80.52901671084142,88.54004,89.4254404,90.39250252299917
81.08660982181638,82.27575193701517,89.31781,90.2109881,87.06912256434076
48.72066475824028,49.15547734552681,53.35585,53.8894085,53.81978425379044
88.61193651734828,89.22234462666779,97.67965,97.67965,86.62741156167581
52.742811861952845,53.06371245999944,57.82463,57.82463,56.07957692158818
59.610480556686106,59.42961539379585,65.45607,65.45607,59.13035198556406
55.456597953054384,57.87543724852558,60.839508,60.839508,53.44845009019136
74.54516970617587,74.77765965414319,82.049355,82.049355,76.78598991015302
79.6799436153174,79.5707955574339,87.75549,87.75549,65.06663474141132
61.22201466077388,64.31263422350973,67.24665,67.9191165,68.63044700038566
64.05483760000001,72.07068660934065,70.394264,71.09820664,71.97408404927269
70.79533882023753,74.80197469939054,77.8837,78.662537,81.6224663182806
69.98458345885366,71.46598433410836,76.98287,77.75269870000001,78.24969951998457
44.74145526757946,52.35658505363901,48.934914,49.42426314,50.40956105800306
71.28606230483801,74.9873778626076,78.428955,79.21324455,82.09964311422011
62.26609505872154,63.08197624007749,68.40664,69.0907064,71.24282020457343
45.53533798126978,45.97824049983951,49.815742,49.815742,46.543622187963074
50.05109904972482,50.35054041019488,54.83452,55.3828652,59.10224342172693
64.32340591662883,64.80809558136654,70.69264,71.3995664,73.89855608556572
54.29290748740506,55.85983208615017,59.54766,60.1431366,63.57346087347436
74.98120459545852,77.25794292767048,82.534,83.35934,87.0853513106043
80.12797397831201,81.0485981519631,88.25326,89.1357926,89.47283961617822
78.5743667398705,79.31334799904585,86.52641,86.52641,89.38697593612886
59.0341150194633,61.84033364065337,64.81564,65.4637964,67.94124206028522
59.48822855479686,72.03783394569552,65.320244,65.320244,67.92391764629181
51.28144,54.136817044582365,56.2016,56.2016,46.387167184071
57.229849728998786,57.06446174859386,62.81093,62.81093,53.00510050720693
71.95571358406008,73.44066748912108,79.17297,79.96469970000001,85.40586028298065
77.55632612599004,77.92897933804184,85.39591,85.39591,67.04785437051328
86.1814095125928,87.1202329596672,94.97932,94.97932,88.17969657710836
76.08021592231131,76.6885480025158,83.75574,83.75574,86.14389035877862
86.81179669723397,90.44083651878597,95.679565,95.679565,94.41619363642916
59.58133578995567,59.59032629500373,65.423706,66.07794306,65.93886559218629
62.06301018158866,61.93951148687817,68.18094,68.18094,70.43124780775341
92.30012342972272,93.64813689750636,101.776215,101.776215,109.3940999108204
63.344341861186926,67.17237993293098,69.60481,70.3008581,72.81069796886203
70.61421058495283,70.76767046236753,77.6822,77.6822,77.02637134335436
74.17807,78.90519382415981,81.6423,82.458723,87.8487673540824
75.91379027592541,78.20152936923057,83.56775,83.56775,78.37415159956987
82.25410973407752,82.26758029351788,90.61527,91.5214227,93.65456043657775
56.72322167795717,57.25903634866833,62.24755,62.24755,54.16991369206362
66.94506700000001,69.44738940456367,73.60563,74.3416863,79.83697132990085
49.019654662606534,50.344605971374506,53.688385,53.688385,46.27171979739684
71.27874032879042,73.13822710279238,78.42078,79.2049878,79.56824322608145
63.607577579476185,66.83458156550873,69.89727,70.5962427,71.2506056631736
60.334585019759544,60.46472097494841,66.26027,66.26027,67.26428215990171
60.47595662401617,63.7714964016968,66.41754,66.41754,61.88703756124799
82.99598978950978,82.93496265036964,91.43944,92.3538344,98.85782432473935
53.829372981652206,53.83264219044393,59.03263,59.6229563,59.300018626263984
72.32122033254147,72.94426236995555,79.57912,80.3749112,83.55532755717599
66.36717100784404,66.60570998947388,72.96349,73.69312489999999,74.00971626637846
78.79071400000001,95.78424086643577,86.76746,86.76746,85.39027943693378
62.488997707053414,62.48024678656101,68.653854,68.653854,69.57435653344082
52.69928428972738,52.56119954067864,57.776924,58.35469324,59.75896671575737
71.0426419317218,73.2543283584485,78.15849,78.15849,78.01679265044515
59.0685686387167,70.04546065499592,64.85396,65.50249960000001,68.55106529433779
42.296425747307524,42.63530676583258,46.217354,46.217354,44.80940416887584
59.047008388758364,59.89681294180416,64.82999,65.4782899,62.10341242975442
68.04507004520849,68.52797266623944,74.827644,75.57592044,73.67998630352373
62.71721246536684,66.33144238046992,68.90796,68.90796,64.75364998162392
64.22121180066371,65.14536348335577,70.57874,70.57874,64.43581002300252
