Epoch,Loss,Reward
1,244.69326782226562,-15.489639282226562
2,228.5168914794922,-14.951956748962402
3,225.71221923828125,-14.876065254211426
4,238.64364624023438,-15.341532707214355
5,241.74270629882812,-15.374231338500977
6,233.71498107910156,-15.121847152709961
7,229.33432006835938,-15.03054428100586
8,234.89613342285156,-15.195104598999023
9,228.0670623779297,-14.949975967407227
10,240.76060485839844,-15.315433502197266
11,233.18690490722656,-15.153377532958984
12,250.09544372558594,-15.626668930053711
13,236.37986755371094,-15.201372146606445
14,230.43397521972656,-15.065300941467285
15,246.60491943359375,-15.535563468933105
16,220.44126892089844,-14.734319686889648
17,227.2859344482422,-14.940450668334961
18,238.31036376953125,-15.267057418823242
19,236.7908935546875,-15.230690956115723
20,231.6686248779297,-15.091141700744629
21,234.03941345214844,-15.165241241455078
22,228.9071807861328,-14.988953590393066
23,254.36219787597656,-15.78936767578125
24,230.04367065429688,-14.962425231933594
25,242.89175415039062,-15.391153335571289
26,227.07154846191406,-14.94195556640625
27,248.5251007080078,-15.612571716308594
28,236.3848876953125,-15.218820571899414
29,234.38348388671875,-15.19502067565918
30,241.16648864746094,-15.382349967956543
31,224.01280212402344,-14.846860885620117
32,238.4952850341797,-15.302026748657227
33,244.3204345703125,-15.400494575500488
34,241.97439575195312,-15.416683197021484
35,227.5628662109375,-14.95598316192627
36,230.39764404296875,-14.97951889038086
37,236.29795837402344,-15.218825340270996
38,235.45504760742188,-15.183049201965332
39,246.99131774902344,-15.510055541992188
40,248.61752319335938,-15.621969223022461
41,222.71620178222656,-14.827102661132812
42,237.67758178710938,-15.214466094970703
43,250.31936645507812,-15.611324310302734
44,232.72354125976562,-15.13224983215332
45,233.00511169433594,-15.14451789855957
46,236.09983825683594,-15.244917869567871
47,246.67355346679688,-15.589542388916016
48,228.60646057128906,-14.945430755615234
49,234.71644592285156,-15.222280502319336
50,237.42922973632812,-15.31418228149414
51,255.4365997314453,-15.79281234741211
52,220.8668212890625,-14.77291488647461
53,240.04345703125,-15.280010223388672
54,231.7037811279297,-15.14603042602539
55,241.26837158203125,-15.426301002502441
56,231.4937744140625,-15.038956642150879
57,248.08279418945312,-15.601472854614258
58,227.1335906982422,-14.930536270141602
59,245.97259521484375,-15.481197357177734
60,234.12600708007812,-15.18692684173584
61,236.71969604492188,-15.198371887207031
62,228.23370361328125,-14.963096618652344
63,232.88824462890625,-15.12507152557373
64,230.6927490234375,-15.036060333251953
65,245.62269592285156,-15.49661922454834
66,235.09056091308594,-15.223910331726074
67,238.3249969482422,-15.315397262573242
68,252.78204345703125,-15.817764282226562
69,218.71951293945312,-14.652101516723633
70,241.67332458496094,-15.351391792297363
71,263.8329772949219,-16.08540153503418
72,218.4849853515625,-14.598429679870605
73,228.0638885498047,-14.948909759521484
74,237.1692657470703,-15.229451179504395
75,239.6824951171875,-15.300540924072266
76,231.66419982910156,-15.147836685180664
77,248.87452697753906,-15.566056251525879
78,254.2334442138672,-15.816509246826172
79,251.14247131347656,-15.681032180786133
80,242.08438110351562,-15.381519317626953
81,233.21493530273438,-15.096675872802734
82,239.47962951660156,-15.253064155578613
83,241.5814971923828,-15.420797348022461
84,231.56875610351562,-15.114259719848633
85,242.33656311035156,-15.433151245117188
86,257.7903747558594,-15.937969207763672
87,226.2559814453125,-14.92322063446045
88,245.9537811279297,-15.547046661376953
89,231.5371856689453,-15.08882999420166
90,250.68016052246094,-15.663065910339355
91,232.01617431640625,-15.11824893951416
92,246.2537384033203,-15.508408546447754
93,234.78033447265625,-15.22198486328125
94,249.293212890625,-15.67430305480957
95,230.0623779296875,-15.059663772583008
96,262.5873718261719,-16.053911209106445
97,230.89207458496094,-15.104450225830078
98,231.966796875,-15.122608184814453
99,220.7093505859375,-14.757463455200195
100,238.44003295898438,-15.33071231842041
101,238.5485382080078,-15.26571273803711
102,236.73419189453125,-15.24424934387207
103,231.45472717285156,-15.071599960327148
104,234.49888610839844,-15.139754295349121
105,248.27134704589844,-15.650161743164062
106,236.49720764160156,-15.331247329711914
107,228.13978576660156,-15.01314640045166
108,224.4618377685547,-14.854072570800781
109,236.73358154296875,-15.225775718688965
110,237.4753875732422,-15.252595901489258
111,225.04791259765625,-14.90636157989502
112,241.20004272460938,-15.39460563659668
113,238.53976440429688,-15.384142875671387
114,230.43572998046875,-15.033059120178223
115,238.2635040283203,-15.246227264404297
116,236.9054412841797,-15.251667022705078
117,238.67904663085938,-15.422718048095703
118,235.8374481201172,-15.256223678588867
119,250.6476593017578,-15.708837509155273
120,237.71945190429688,-15.259864807128906
121,224.91912841796875,-14.805253982543945
122,229.08340454101562,-14.963218688964844
123,235.22982788085938,-15.223123550415039
124,236.08363342285156,-15.30548095703125
125,239.912353515625,-15.307787895202637
126,228.5706329345703,-15.063462257385254
127,231.4909210205078,-15.04034423828125
128,219.06536865234375,-14.691848754882812
129,219.560302734375,-14.732335090637207
130,237.98690795898438,-15.226709365844727
131,238.8919677734375,-15.275923728942871
132,232.22972106933594,-15.09925651550293
133,234.24081420898438,-15.14830207824707
134,230.40301513671875,-15.069725036621094
135,252.38351440429688,-15.813150405883789
136,246.23483276367188,-15.514261245727539
137,239.58599853515625,-15.333797454833984
138,233.84857177734375,-15.249200820922852
139,246.7648162841797,-15.520435333251953
140,243.2054443359375,-15.494203567504883
141,230.79266357421875,-15.043340682983398
142,237.00108337402344,-15.273567199707031
143,248.58995056152344,-15.60988998413086
144,231.40151977539062,-15.086835861206055
145,234.20777893066406,-15.16938591003418
146,230.0489959716797,-15.014175415039062
147,223.40847778320312,-14.859185218811035
148,235.34451293945312,-15.208621978759766
149,241.5574188232422,-15.430486679077148
150,241.3836212158203,-15.366350173950195
151,229.58299255371094,-14.962287902832031
152,251.63555908203125,-15.742116928100586
153,229.8003387451172,-15.04159164428711
154,252.29148864746094,-15.80923843383789
155,234.6742401123047,-15.23690414428711
156,242.90757751464844,-15.367439270019531
157,236.74476623535156,-15.350976943969727
158,234.4989471435547,-15.185073852539062
159,238.1849822998047,-15.337329864501953
160,240.96817016601562,-15.410768508911133
161,235.90675354003906,-15.117461204528809
162,235.62266540527344,-15.245077133178711
163,241.74490356445312,-15.46841049194336
164,219.90237426757812,-14.688340187072754
165,249.2770233154297,-15.627811431884766
166,250.83897399902344,-15.711706161499023
167,231.4811248779297,-15.007492065429688
168,226.94198608398438,-14.854069709777832
169,223.06668090820312,-14.760889053344727
170,234.13385009765625,-15.210203170776367
171,239.93431091308594,-15.258304595947266
172,219.45970153808594,-14.672615051269531
173,231.4798583984375,-15.025343894958496
174,228.20899963378906,-14.977688789367676
175,231.69447326660156,-15.087967872619629
176,238.40838623046875,-15.30046272277832
177,250.72979736328125,-15.663875579833984
178,240.46926879882812,-15.367972373962402
179,240.74354553222656,-15.40269947052002
180,243.94932556152344,-15.502429962158203
181,239.64125061035156,-15.37160873413086
182,221.03822326660156,-14.88295841217041
183,226.38145446777344,-14.928953170776367
184,256.93499755859375,-15.962130546569824
185,235.96363830566406,-15.165925979614258
186,234.00497436523438,-15.132589340209961
187,227.51731872558594,-14.964902877807617
188,223.69236755371094,-14.879060745239258
189,240.38719177246094,-15.35539722442627
190,227.84262084960938,-14.998291015625
191,242.804443359375,-15.461800575256348
192,227.2407989501953,-14.862868309020996
193,225.54981994628906,-15.051947593688965
194,236.2769012451172,-15.372808456420898
195,230.43988037109375,-15.045279502868652
196,236.65525817871094,-15.243097305297852
197,244.3574676513672,-15.511734008789062
198,231.5999298095703,-15.050360679626465
199,244.95030212402344,-15.532623291015625
200,225.72720336914062,-14.943061828613281
201,230.85360717773438,-15.111104965209961
202,234.51397705078125,-15.237833023071289
203,230.6488800048828,-14.957451820373535
204,244.3625030517578,-15.46625804901123
205,242.1020965576172,-15.358877182006836
206,238.00430297851562,-15.360844612121582
207,244.8683319091797,-15.533016204833984
208,235.62100219726562,-15.189620018005371
209,236.69525146484375,-15.232575416564941
210,234.35438537597656,-15.216533660888672
211,236.2049102783203,-15.358125686645508
212,232.3658905029297,-15.12952995300293
213,250.47344970703125,-15.651636123657227
214,246.70228576660156,-15.485435485839844
215,213.1044158935547,-14.465774536132812
216,229.85203552246094,-15.053794860839844
217,240.3668212890625,-15.256839752197266
218,235.96946716308594,-15.229065895080566
219,230.52294921875,-15.010326385498047
220,236.79833984375,-15.29316234588623
221,234.9983673095703,-15.168063163757324
222,227.90863037109375,-14.979488372802734
223,247.4590606689453,-15.490804672241211
224,240.79190063476562,-15.390125274658203
225,242.59361267089844,-15.308099746704102
226,244.33554077148438,-15.589571952819824
227,239.23684692382812,-15.309283256530762
228,213.677734375,-14.583159446716309
229,243.89256286621094,-15.484752655029297
230,234.04238891601562,-15.261714935302734
231,221.0293731689453,-14.750261306762695
232,230.14500427246094,-15.106685638427734
233,234.6764678955078,-15.04415225982666
234,234.55560302734375,-15.227007865905762
235,238.8663787841797,-15.162435531616211
236,230.71511840820312,-14.946146011352539
237,246.92037963867188,-15.498130798339844
238,244.35098266601562,-15.510030746459961
239,230.13107299804688,-15.04677963256836
240,232.23170471191406,-14.941373825073242
241,226.37881469726562,-14.863374710083008
242,240.03070068359375,-15.373420715332031
243,246.2935333251953,-15.467828750610352
244,246.06443786621094,-15.619438171386719
245,239.2164764404297,-15.311077117919922
246,232.4163055419922,-15.192790985107422
247,232.5115203857422,-15.082365989685059
248,257.8207092285156,-15.98462963104248
249,225.40650939941406,-14.827581405639648
250,229.31842041015625,-15.01644515991211
251,232.47415161132812,-15.077253341674805
252,235.34487915039062,-15.32759952545166
253,233.7008056640625,-15.134505271911621
254,240.07000732421875,-15.383288383483887
255,232.61997985839844,-15.063398361206055
256,221.44956970214844,-14.760835647583008
257,227.7066650390625,-14.928415298461914
258,227.55548095703125,-14.862602233886719
259,249.93394470214844,-15.743642807006836
260,229.47482299804688,-15.060140609741211
261,238.70399475097656,-15.018436431884766
262,237.03521728515625,-15.211933135986328
263,221.82537841796875,-14.799192428588867
264,236.52001953125,-15.396085739135742
265,243.85882568359375,-15.61276626586914
266,223.2609100341797,-14.86093521118164
267,236.74559020996094,-15.37382698059082
268,230.8754425048828,-14.923360824584961
269,233.79397583007812,-15.15692138671875
270,230.5710906982422,-15.038564682006836
271,237.52359008789062,-15.422353744506836
272,249.22682189941406,-15.632086753845215
273,228.85032653808594,-14.883963584899902
274,250.83363342285156,-15.871016502380371
275,236.1781005859375,-15.26050853729248
276,237.41830444335938,-15.31820297241211
277,233.6360321044922,-15.13971996307373
278,227.07374572753906,-15.009525299072266
279,234.9938507080078,-15.099390029907227
280,237.55618286132812,-15.217233657836914
281,232.26788330078125,-15.175867080688477
282,229.02719116210938,-15.016242980957031
283,241.07052612304688,-15.516919136047363
284,246.6159210205078,-15.642581939697266
285,237.69288635253906,-15.290979385375977
286,225.42079162597656,-14.858003616333008
287,238.29100036621094,-15.372806549072266
288,231.71923828125,-15.206802368164062
289,229.21202087402344,-15.036751747131348
290,231.5783233642578,-15.08859920501709
291,243.01235961914062,-15.49278450012207
292,234.78811645507812,-15.170621871948242
293,240.71096801757812,-15.43508243560791
294,245.27818298339844,-15.614278793334961
295,235.33377075195312,-15.146550178527832
296,242.30975341796875,-15.487174987792969
297,244.06687927246094,-15.544286727905273
298,251.08660888671875,-15.69450855255127
299,243.77728271484375,-15.39190673828125
300,250.766357421875,-15.721892356872559
301,240.5050048828125,-15.640734672546387
302,240.91111755371094,-15.459375381469727
303,222.92178344726562,-14.784025192260742
304,240.43637084960938,-15.48509693145752
305,240.95880126953125,-15.211605072021484
306,217.77615356445312,-14.782000541687012
307,246.75811767578125,-15.541226387023926
308,243.73292541503906,-15.437793731689453
309,241.02294921875,-15.548877716064453
310,250.654541015625,-15.692030906677246
311,230.81704711914062,-15.071496963500977
312,238.06964111328125,-15.156610488891602
313,235.11935424804688,-15.268257141113281
314,232.0313720703125,-15.10268783569336
315,240.6348114013672,-15.422113418579102
316,233.76092529296875,-15.197882652282715
317,238.64300537109375,-15.299235343933105
318,230.41407775878906,-15.091527938842773
319,238.40689086914062,-15.175087928771973
320,237.4945831298828,-15.320838928222656
321,222.6857147216797,-14.919468879699707
322,227.28433227539062,-14.905460357666016
323,252.6888427734375,-15.827310562133789
324,231.1007537841797,-15.17187786102295
325,222.1127166748047,-14.804487228393555
326,225.45960998535156,-14.96489429473877
327,234.3703155517578,-15.19522476196289
328,240.11659240722656,-15.456140518188477
329,231.43067932128906,-15.150028228759766
330,222.40037536621094,-15.005976676940918
331,235.27308654785156,-15.332683563232422
332,226.08482360839844,-14.861188888549805
333,239.57958984375,-15.49899673461914
334,249.2886962890625,-15.658080101013184
335,230.17257690429688,-15.069561004638672
336,244.323974609375,-15.547637939453125
337,222.62820434570312,-14.784661293029785
338,227.42160034179688,-14.943594932556152
339,219.66082763671875,-14.751649856567383
340,241.96070861816406,-15.413799285888672
341,218.7217559814453,-14.684932708740234
342,242.30593872070312,-15.462783813476562
343,234.3534393310547,-15.112800598144531
344,223.86758422851562,-14.90272331237793
345,225.71322631835938,-14.896803855895996
346,240.2732696533203,-15.379707336425781
347,232.54197692871094,-15.103737831115723
348,228.38352966308594,-15.137202262878418
349,237.02035522460938,-15.134057998657227
350,239.78768920898438,-15.275825500488281
351,228.97189331054688,-14.826130867004395
352,251.6514129638672,-15.636556625366211
353,246.68014526367188,-15.488574981689453
354,237.01730346679688,-14.948509216308594
355,229.09124755859375,-15.094736099243164
356,238.6295623779297,-15.295982360839844
357,235.23129272460938,-15.264432907104492
358,229.0975341796875,-15.071435928344727
359,230.5138397216797,-14.905712127685547
360,248.32577514648438,-15.659093856811523
361,222.66928100585938,-14.674619674682617
362,239.4013214111328,-15.567794799804688
363,244.39419555664062,-15.632217407226562
364,236.0533447265625,-15.151729583740234
365,230.7835235595703,-15.016586303710938
366,237.66534423828125,-15.15037727355957
367,226.77139282226562,-14.864723205566406
368,243.4485626220703,-15.43637466430664
369,233.577392578125,-14.90866756439209
370,241.3031005859375,-15.261390686035156
371,234.31967163085938,-15.33652400970459
372,230.76951599121094,-15.122828483581543
373,239.18246459960938,-15.29865837097168
374,233.5694580078125,-15.040892601013184
375,258.8143615722656,-15.777292251586914
376,247.01324462890625,-15.711982727050781
377,246.024169921875,-15.573729515075684
378,240.35617065429688,-15.424914360046387
379,230.1826934814453,-15.044099807739258
380,229.4027557373047,-15.204095840454102
381,237.24774169921875,-15.224689483642578
382,228.1365509033203,-15.022669792175293
383,221.6634063720703,-14.791890144348145
384,232.90740966796875,-15.132266998291016
385,232.52987670898438,-15.030599594116211
386,225.1942901611328,-14.898611068725586
387,233.08901977539062,-14.975473403930664
388,244.15724182128906,-15.496177673339844
389,236.52072143554688,-15.240972518920898
390,237.3529510498047,-15.235403060913086
391,231.47247314453125,-15.079192161560059
392,242.3284912109375,-15.444355010986328
393,241.73776245117188,-15.535037994384766
394,239.2355194091797,-15.505346298217773
395,244.6553192138672,-15.293523788452148
396,227.33712768554688,-14.881814956665039
397,223.04783630371094,-14.9248046875
398,233.59959411621094,-15.065940856933594
399,218.3168182373047,-14.726278305053711
400,233.04685974121094,-15.045616149902344
401,233.14610290527344,-15.107985496520996
402,232.8306884765625,-15.193743705749512
403,236.70639038085938,-15.149985313415527
404,239.93775939941406,-15.346429824829102
405,217.33834838867188,-14.50445556640625
406,239.80514526367188,-15.410297393798828
407,223.0061798095703,-14.85628890991211
408,252.5311279296875,-15.605243682861328
409,227.99282836914062,-15.03470230102539
410,224.3217010498047,-15.028450012207031
411,241.75535583496094,-15.466227531433105
412,236.3187713623047,-15.271135330200195
413,247.32310485839844,-15.577640533447266
414,232.06198120117188,-15.182076454162598
415,232.069580078125,-15.149486541748047
416,245.16690063476562,-15.61495590209961
417,237.2544403076172,-15.387537002563477
418,222.43740844726562,-14.968844413757324
419,246.8915252685547,-15.371675491333008
420,244.11447143554688,-15.560222625732422
421,229.94325256347656,-14.905174255371094
422,232.07553100585938,-15.005803108215332
423,231.8329620361328,-14.967215538024902
424,225.0526885986328,-14.833749771118164
425,242.4958953857422,-15.305871963500977
426,220.5548858642578,-15.031695365905762
427,233.04937744140625,-15.241411209106445
428,232.85879516601562,-15.184893608093262
429,240.17166137695312,-15.29551887512207
430,234.0552978515625,-15.206497192382812
431,247.9952392578125,-15.559496879577637
432,234.57676696777344,-15.258748054504395
433,231.23269653320312,-15.155513763427734
434,229.60757446289062,-14.975286483764648
435,244.10487365722656,-15.387593269348145
436,229.67108154296875,-15.024626731872559
437,224.53829956054688,-14.740968704223633
438,242.60791015625,-15.470630645751953
439,240.22108459472656,-15.30219841003418
440,228.4616241455078,-15.036208152770996
441,236.34962463378906,-15.252233505249023
442,241.3114471435547,-15.541577339172363
443,229.93984985351562,-15.044841766357422
444,238.0800323486328,-15.222648620605469
445,254.98568725585938,-15.691764831542969
446,246.08938598632812,-15.532383918762207
447,238.9917449951172,-15.486169815063477
448,230.52223205566406,-15.07107925415039
449,230.43165588378906,-15.120620727539062
450,236.232666015625,-15.291893005371094
451,227.12501525878906,-15.042789459228516
452,237.4400177001953,-15.271059036254883
453,229.06455993652344,-14.823555946350098
454,224.87062072753906,-14.814675331115723
455,237.13555908203125,-15.30615234375
456,235.5224151611328,-15.283506393432617
457,240.50799560546875,-15.516274452209473
458,223.8434600830078,-14.940536499023438
459,220.64752197265625,-14.912945747375488
460,225.5706787109375,-14.894256591796875
461,235.54061889648438,-15.303902626037598
462,228.64645385742188,-15.010820388793945
463,222.88197326660156,-14.811899185180664
464,234.11532592773438,-14.996685981750488
465,239.52821350097656,-15.329634666442871
466,226.0908966064453,-14.963188171386719
467,239.557373046875,-15.460227012634277
468,228.5216064453125,-14.92526912689209
469,232.20899963378906,-15.275659561157227
470,229.85623168945312,-14.954869270324707
471,222.3521270751953,-14.786664962768555
472,247.18942260742188,-15.477785110473633
473,224.7176055908203,-15.073160171508789
474,244.70938110351562,-15.423845291137695
475,239.15638732910156,-15.380412101745605
476,237.04953002929688,-15.365570068359375
477,225.8465576171875,-14.71745777130127
478,245.95297241210938,-15.650603294372559
479,245.56997680664062,-15.75169563293457
480,240.69557189941406,-15.41929817199707
481,244.3428955078125,-15.449121475219727
482,232.9962921142578,-15.362058639526367
483,232.08351135253906,-15.06021785736084
484,230.9784698486328,-15.194913864135742
485,238.8219757080078,-15.136438369750977
486,248.66502380371094,-15.845745086669922
487,249.52584838867188,-15.674540519714355
488,237.12696838378906,-15.32938003540039
489,241.5978240966797,-15.416582107543945
490,249.5924530029297,-15.6038236618042
491,237.7996368408203,-15.247966766357422
492,230.15570068359375,-15.116093635559082
493,242.0913848876953,-15.457691192626953
494,238.35145568847656,-15.169068336486816
495,232.82467651367188,-15.119880676269531
496,253.26271057128906,-15.772115707397461
497,247.52264404296875,-15.588851928710938
498,230.85476684570312,-15.146855354309082
499,232.45620727539062,-15.062566757202148
500,238.17514038085938,-15.171886444091797
501,229.26229858398438,-15.10403060913086
502,228.44424438476562,-15.095331192016602
503,241.3429718017578,-15.32201862335205
504,241.30320739746094,-15.444253921508789
505,228.40541076660156,-14.903178215026855
506,246.30960083007812,-15.668598175048828
507,235.0694580078125,-15.325763702392578
508,217.2395477294922,-14.895875930786133
509,224.16921997070312,-14.872371673583984
510,231.2808074951172,-15.130556106567383
511,238.11175537109375,-15.424484252929688
512,237.2964324951172,-15.111656188964844
513,243.75448608398438,-15.538153648376465
514,238.5043182373047,-15.298474311828613
515,235.48374938964844,-15.124677658081055
516,241.41612243652344,-15.490243911743164
517,246.61575317382812,-15.47787857055664
518,248.12669372558594,-15.713479995727539
519,231.7611541748047,-15.24489974975586
520,231.05364990234375,-15.225702285766602
521,240.05804443359375,-15.424826622009277
522,242.819091796875,-15.422327041625977
523,236.07009887695312,-15.204314231872559
524,241.76004028320312,-15.438874244689941
525,251.85826110839844,-15.601686477661133
526,228.74874877929688,-14.952558517456055
527,256.94232177734375,-15.791237831115723
528,234.15293884277344,-15.107158660888672
529,241.1720428466797,-15.191446304321289
530,235.7805633544922,-15.100334167480469
531,243.03369140625,-15.480003356933594
532,225.79237365722656,-14.974756240844727
533,227.88719177246094,-14.964605331420898
534,228.5419464111328,-14.762381553649902
535,235.26580810546875,-15.212203979492188
536,234.14697265625,-15.272249221801758
537,238.8675994873047,-15.360815048217773
538,241.13174438476562,-15.622882843017578
539,227.58615112304688,-15.015703201293945
540,234.68896484375,-15.017013549804688
541,236.1510772705078,-15.113529205322266
542,249.36521911621094,-15.741399765014648
543,244.8170928955078,-15.416902542114258
544,247.56320190429688,-15.29374885559082
545,238.52920532226562,-15.357656478881836
546,226.58197021484375,-14.875402450561523
547,233.14060974121094,-15.269847869873047
548,245.16172790527344,-15.601838111877441
549,240.70741271972656,-15.33564567565918
550,239.3971405029297,-15.356292724609375
551,242.44094848632812,-15.474583625793457
552,238.590087890625,-15.405479431152344
553,230.42193603515625,-15.141396522521973
554,238.19815063476562,-15.241317749023438
555,236.20582580566406,-15.201455116271973
556,232.53985595703125,-15.09739875793457
557,226.82752990722656,-15.019994735717773
558,248.82183837890625,-15.460615158081055
559,229.896240234375,-14.932489395141602
560,243.874267578125,-15.371927261352539
561,243.20388793945312,-15.393268585205078
562,234.97109985351562,-15.15521240234375
563,224.21275329589844,-14.940802574157715
564,231.06668090820312,-15.079411506652832
565,231.97494506835938,-15.291582107543945
566,231.02987670898438,-15.155777931213379
567,233.56710815429688,-15.31071949005127
568,237.76083374023438,-15.178075790405273
569,229.40223693847656,-15.128870010375977
570,239.5811767578125,-15.386390686035156
571,235.91012573242188,-15.428878784179688
572,239.80398559570312,-15.470237731933594
573,234.5223388671875,-15.193849563598633
574,233.87722778320312,-15.067058563232422
575,246.09732055664062,-15.74455738067627
576,230.97744750976562,-15.117887496948242
577,243.7716522216797,-15.643510818481445
578,245.058349609375,-15.342178344726562
579,232.35720825195312,-15.147751808166504
580,218.2985076904297,-14.871240615844727
581,236.16754150390625,-15.268963813781738
582,223.09471130371094,-14.786498069763184
583,226.47323608398438,-15.069605827331543
584,238.9673614501953,-15.352401733398438
585,234.1660614013672,-15.172201156616211
586,235.76336669921875,-15.25422477722168
587,240.97921752929688,-15.267732620239258
588,230.68324279785156,-15.023855209350586
589,236.4272003173828,-15.143400192260742
590,255.65467834472656,-15.473422050476074
591,233.3008270263672,-15.132495880126953
592,228.7590789794922,-14.891048431396484
593,243.50343322753906,-15.456197738647461
594,224.08956909179688,-14.899893760681152
595,245.0290985107422,-15.43275260925293
596,237.19003295898438,-15.363037109375
597,226.43087768554688,-14.910213470458984
598,235.15789794921875,-15.24066162109375
599,242.2550048828125,-15.39016342163086
600,223.433837890625,-14.919212341308594
601,248.54405212402344,-15.553616523742676
602,241.7349853515625,-15.307622909545898
603,224.25396728515625,-14.725471496582031
604,241.2368927001953,-15.22564697265625
605,250.1954345703125,-15.651884078979492
606,225.2698974609375,-14.66926383972168
607,254.39688110351562,-15.695669174194336
608,245.50344848632812,-15.650412559509277
609,249.12120056152344,-15.824254989624023
610,232.98062133789062,-15.201711654663086
611,220.38499450683594,-14.823060035705566
612,247.87969970703125,-15.597562789916992
613,226.65872192382812,-14.703886032104492
614,224.16026306152344,-14.934976577758789
615,246.38992309570312,-15.72683334350586
616,226.13485717773438,-15.053065299987793
617,238.1958770751953,-15.325263977050781
618,239.21316528320312,-15.535422325134277
619,233.9834747314453,-15.173418998718262
620,236.0563201904297,-15.255110740661621
621,224.30499267578125,-14.875697135925293
622,230.8319549560547,-15.179718017578125
623,248.23838806152344,-15.436223983764648
624,218.6706085205078,-14.930036544799805
625,240.6985321044922,-15.439292907714844
626,236.58216857910156,-15.270694732666016
627,233.5524444580078,-15.211799621582031
628,235.1779327392578,-15.155888557434082
629,226.86598205566406,-14.683553695678711
630,243.04339599609375,-15.235918045043945
631,236.1096649169922,-15.353096961975098
632,232.98287963867188,-15.267980575561523
633,228.9730224609375,-15.00926685333252
634,227.91212463378906,-14.752788543701172
635,229.1610870361328,-15.122627258300781
636,223.9201202392578,-14.9046630859375
637,224.96238708496094,-14.922552108764648
638,240.8859100341797,-15.396869659423828
639,234.29676818847656,-15.355647087097168
640,230.24581909179688,-14.768083572387695
641,240.85702514648438,-15.366312026977539
642,232.5118408203125,-15.264938354492188
643,230.67587280273438,-15.05584716796875
644,239.72845458984375,-15.134333610534668
645,235.3275146484375,-15.269935607910156
646,241.36776733398438,-15.477941513061523
647,225.13226318359375,-14.955069541931152
648,233.56329345703125,-15.220766067504883
649,227.49107360839844,-15.028678894042969
650,243.4105224609375,-15.339475631713867
651,229.50735473632812,-14.817273139953613
652,235.1039581298828,-15.257726669311523
653,239.25857543945312,-15.424795150756836
654,238.6006622314453,-15.39015007019043
655,223.2579345703125,-14.82680606842041
656,246.53854370117188,-15.369467735290527
657,235.33966064453125,-15.319419860839844
658,228.3922119140625,-14.97022819519043
659,236.5032501220703,-15.224778175354004
660,229.79542541503906,-14.702301025390625
661,245.30665588378906,-15.603593826293945
662,244.00485229492188,-15.433834075927734
663,226.10916137695312,-14.932592391967773
664,243.3697967529297,-15.371467590332031
665,229.24534606933594,-14.95802116394043
666,221.17613220214844,-14.73962116241455
667,237.14047241210938,-15.33504581451416
668,233.25241088867188,-15.202150344848633
669,232.27529907226562,-15.313002586364746
670,221.4228515625,-14.48454475402832
671,244.2523956298828,-15.21851921081543
672,245.2117919921875,-15.723886489868164
673,235.46067810058594,-15.225749969482422
674,242.38050842285156,-15.191926002502441
675,225.91107177734375,-14.932668685913086
676,237.70806884765625,-15.426034927368164
677,242.83468627929688,-15.22143840789795
678,229.9567108154297,-14.95241928100586
679,239.70120239257812,-15.464942932128906
680,237.6805419921875,-15.322649002075195
681,238.23117065429688,-15.30449104309082
682,252.58009338378906,-15.578442573547363
683,242.1894073486328,-15.27569580078125
684,234.15428161621094,-14.991476058959961
685,226.60479736328125,-14.97298812866211
686,236.2095184326172,-15.075380325317383
687,233.29351806640625,-15.265958786010742
688,249.44125366210938,-15.71428108215332
689,247.729248046875,-15.598602294921875
690,224.3106689453125,-15.006843566894531
691,237.0764617919922,-15.262918472290039
692,241.6748809814453,-15.383353233337402
693,234.73068237304688,-14.939023971557617
694,225.3781280517578,-15.01618766784668
695,250.41400146484375,-15.59872055053711
696,238.40643310546875,-15.367552757263184
697,248.26168823242188,-15.61143684387207
698,230.35357666015625,-15.306416511535645
699,242.79786682128906,-15.671560287475586
700,235.8415985107422,-15.313529968261719
701,240.13909912109375,-15.353921890258789
702,245.17080688476562,-15.293542861938477
703,245.3862762451172,-15.399052619934082
704,242.9624481201172,-15.513623237609863
705,232.46775817871094,-15.226471900939941
706,244.896484375,-15.328792572021484
707,250.92822265625,-15.677011489868164
708,245.85438537597656,-15.62346363067627
709,239.37088012695312,-15.13511848449707
710,234.6478729248047,-15.435559272766113
711,234.34312438964844,-15.278837203979492
712,234.90711975097656,-15.189118385314941
713,231.02676391601562,-15.009441375732422
714,236.8069305419922,-15.301340103149414
715,240.251220703125,-15.487279891967773
716,238.3513946533203,-15.152860641479492
717,239.60755920410156,-15.323188781738281
718,239.1138458251953,-15.124128341674805
719,227.70724487304688,-14.855501174926758
720,225.9163818359375,-14.948095321655273
721,247.7068634033203,-15.586499214172363
722,241.90252685546875,-15.432294845581055
723,237.24310302734375,-15.351974487304688
724,228.46908569335938,-15.171180725097656
725,258.631103515625,-15.964109420776367
726,222.57122802734375,-14.937068939208984
727,235.67098999023438,-15.290609359741211
728,248.68455505371094,-15.46922779083252
729,236.2498321533203,-15.099204063415527
730,242.5987548828125,-15.549112319946289
731,244.9395294189453,-15.523702621459961
732,241.27476501464844,-15.309488296508789
733,231.22247314453125,-14.833429336547852
734,222.72341918945312,-14.849966049194336
735,233.92796325683594,-14.995319366455078
736,230.26100158691406,-14.951631546020508
737,224.50668334960938,-15.010398864746094
738,243.98155212402344,-15.333832740783691
739,240.91697692871094,-15.405450820922852
740,226.80914306640625,-14.840933799743652
741,232.3753662109375,-15.122627258300781
742,232.17918395996094,-15.04679012298584
743,239.4584503173828,-15.333911895751953
744,219.59521484375,-14.815214157104492
745,241.03880310058594,-15.461480140686035
746,246.7656707763672,-15.491575241088867
747,230.41397094726562,-14.913504600524902
748,223.86351013183594,-15.012704849243164
749,217.82460021972656,-14.786846160888672
750,234.79063415527344,-15.105703353881836
751,225.18438720703125,-15.028512001037598
752,224.8550567626953,-14.998479843139648
753,228.43043518066406,-15.03069019317627
754,240.33383178710938,-15.580766677856445
755,232.94427490234375,-15.36224365234375
756,231.17001342773438,-15.223871231079102
757,248.2735137939453,-15.54073715209961
758,243.7176055908203,-15.678072929382324
759,235.60568237304688,-15.275471687316895
760,243.47108459472656,-15.469364166259766
761,236.7798309326172,-15.160324096679688
762,235.06373596191406,-15.247077941894531
763,216.30848693847656,-14.659775733947754
764,226.39697265625,-14.982376098632812
765,236.3519287109375,-15.130133628845215
766,231.71961975097656,-15.171913146972656
767,240.89414978027344,-15.27035140991211
768,229.90261840820312,-15.125747680664062
769,233.43946838378906,-15.294931411743164
770,235.85777282714844,-15.271515846252441
771,237.29505920410156,-15.45793628692627
772,221.68080139160156,-14.767353057861328
773,231.5805206298828,-15.133208274841309
774,231.0749969482422,-15.255702018737793
775,236.13412475585938,-15.24683952331543
776,237.41616821289062,-15.365415573120117
777,240.58731079101562,-15.333395004272461
778,231.04795837402344,-15.169618606567383
779,245.61671447753906,-15.618736267089844
780,239.96812438964844,-15.206336975097656
781,243.80422973632812,-15.33635139465332
782,233.94619750976562,-15.079083442687988
783,233.90635681152344,-15.221940994262695
784,228.2554473876953,-15.169499397277832
785,231.25372314453125,-15.180749893188477
786,236.6682891845703,-15.213361740112305
787,228.71881103515625,-15.32882308959961
788,239.36170959472656,-15.392732620239258
789,231.77972412109375,-14.976700782775879
790,225.218505859375,-14.913718223571777
791,223.34555053710938,-15.137983322143555
792,246.32183837890625,-15.605087280273438
793,234.1427764892578,-15.108912467956543
794,227.02503967285156,-14.908750534057617
795,233.18260192871094,-15.014389038085938
796,236.3372039794922,-15.191930770874023
797,239.38780212402344,-15.516130447387695
798,236.6355438232422,-15.32332992553711
799,220.84217834472656,-14.732959747314453
800,222.49819946289062,-14.925773620605469
801,222.12197875976562,-14.577839851379395
802,236.1175537109375,-15.144031524658203
803,225.08566284179688,-15.012347221374512
804,231.6473388671875,-15.123851776123047
805,241.85829162597656,-15.407604217529297
806,241.5067901611328,-15.588645935058594
807,248.09030151367188,-15.540216445922852
808,238.73426818847656,-15.371707916259766
809,247.98080444335938,-15.3776273727417
810,235.31736755371094,-15.316383361816406
811,227.4357452392578,-14.891353607177734
812,230.51573181152344,-15.042232513427734
813,235.62112426757812,-15.380577087402344
814,243.10311889648438,-15.479009628295898
815,222.63601684570312,-15.035898208618164
816,239.38644409179688,-15.463546752929688
817,242.5141143798828,-15.56161117553711
818,244.32498168945312,-15.45254135131836
819,240.2787628173828,-15.234615325927734
820,237.3025360107422,-15.099297523498535
821,246.0161590576172,-15.557340621948242
822,235.1286163330078,-15.249618530273438
823,213.5612335205078,-14.73126220703125
824,239.38778686523438,-15.372394561767578
825,237.24612426757812,-15.254175186157227
826,227.68740844726562,-14.990906715393066
827,231.5748291015625,-15.206148147583008
828,241.8948516845703,-15.455551147460938
829,244.652587890625,-15.516826629638672
830,228.4117431640625,-15.177988052368164
831,230.90899658203125,-15.209807395935059
832,259.7357177734375,-15.804308891296387
833,239.9403076171875,-15.469313621520996
834,238.3944854736328,-15.277554512023926
835,241.3331298828125,-15.654210090637207
836,240.13400268554688,-15.335893630981445
837,225.3604278564453,-14.98707103729248
838,251.87115478515625,-15.613672256469727
839,231.93948364257812,-15.33116340637207
840,239.09320068359375,-15.481422424316406
841,242.75978088378906,-15.519124984741211
842,228.02027893066406,-14.974136352539062
843,240.41827392578125,-15.261653900146484
844,233.7987518310547,-15.036375999450684
845,226.63157653808594,-15.002525329589844
846,228.11146545410156,-14.954790115356445
847,223.97080993652344,-14.98196792602539
848,252.4843292236328,-15.826459884643555
849,237.53965759277344,-15.286479949951172
850,239.16221618652344,-15.217304229736328
851,232.39271545410156,-15.286564826965332
852,227.25428771972656,-15.272886276245117
853,251.58724975585938,-15.663349151611328
854,240.10374450683594,-15.267443656921387
855,232.5247344970703,-15.183002471923828
856,237.15611267089844,-15.360265731811523
857,246.93589782714844,-15.383329391479492
858,237.63670349121094,-15.474113464355469
859,238.4810028076172,-15.286113739013672
860,244.1072998046875,-15.601184844970703
861,229.82008361816406,-15.060552597045898
862,222.17909240722656,-15.003325462341309
863,244.68637084960938,-15.488973617553711
864,231.9207305908203,-15.243932723999023
865,235.38201904296875,-15.393577575683594
866,238.2216033935547,-15.437004089355469
867,234.68948364257812,-15.288628578186035
868,225.41604614257812,-14.933673858642578
869,243.82176208496094,-15.405988693237305
870,241.3125,-15.429947853088379
871,241.91567993164062,-15.340845108032227
872,246.12289428710938,-15.627159118652344
873,223.671875,-14.880619049072266
874,236.55142211914062,-15.142107009887695
875,220.41505432128906,-14.823697090148926
876,230.9786834716797,-15.443952560424805
877,237.55406188964844,-15.467557907104492
878,230.43312072753906,-15.006139755249023
879,248.96363830566406,-15.449332237243652
880,227.36944580078125,-14.876789093017578
881,237.77316284179688,-15.291115760803223
882,237.61788940429688,-15.490324974060059
883,231.37448120117188,-15.003791809082031
884,245.38339233398438,-15.450982093811035
885,250.0104522705078,-15.765975952148438
886,230.10121154785156,-15.168418884277344
887,221.9634552001953,-14.9317626953125
888,239.75563049316406,-15.276579856872559
889,239.73922729492188,-15.360493659973145
890,240.18585205078125,-15.393367767333984
891,232.44105529785156,-15.19059944152832
892,232.5331268310547,-15.37112045288086
893,230.0789031982422,-15.233330726623535
894,241.362060546875,-15.184432983398438
895,229.28067016601562,-15.13425064086914
896,253.12432861328125,-15.861207008361816
897,232.64443969726562,-15.477758407592773
898,231.12826538085938,-15.097660064697266
899,238.99423217773438,-15.267748832702637
900,250.83502197265625,-15.697784423828125
901,229.74522399902344,-14.7974853515625
902,225.3743438720703,-15.003580093383789
903,247.48619079589844,-15.594634056091309
904,245.2895965576172,-15.554951667785645
905,233.7119598388672,-15.06756591796875
906,239.91163635253906,-15.429145812988281
907,234.12071228027344,-15.184391021728516
908,231.79150390625,-15.168275833129883
909,246.57176208496094,-15.530496597290039
910,230.33966064453125,-15.184591293334961
911,220.36253356933594,-14.857093811035156
912,235.7631378173828,-15.267892837524414
913,234.47116088867188,-15.065072059631348
914,233.24874877929688,-15.015445709228516
915,239.06863403320312,-15.395736694335938
916,238.90647888183594,-15.211427688598633
917,248.02818298339844,-15.807695388793945
918,234.84228515625,-15.141472816467285
919,239.94741821289062,-15.277945518493652
920,239.76168823242188,-15.43116283416748
921,244.42678833007812,-15.469084739685059
922,236.9072723388672,-15.13653564453125
923,242.79339599609375,-15.437555313110352
924,235.3727569580078,-15.30603313446045
925,243.23045349121094,-15.430788040161133
926,225.88754272460938,-15.024208068847656
927,232.6002197265625,-15.091103553771973
928,234.08682250976562,-14.957133293151855
929,228.7493896484375,-14.970423698425293
930,233.07672119140625,-15.10507583618164
931,239.4925994873047,-15.294483184814453
932,235.13002014160156,-15.114983558654785
933,225.89466857910156,-14.979129791259766
934,249.84959411621094,-15.525057792663574
935,242.710205078125,-15.629301071166992
936,225.00039672851562,-15.050196647644043
937,245.54873657226562,-15.523613929748535
938,257.1031188964844,-15.677024841308594
939,248.3198699951172,-15.50296401977539
940,229.32760620117188,-15.228181838989258
941,230.0421600341797,-15.08906078338623
942,227.08392333984375,-14.971687316894531
943,234.7788543701172,-15.027168273925781
944,242.1961212158203,-15.435792922973633
945,210.1830291748047,-14.423885345458984
946,226.70382690429688,-15.042880058288574
947,239.3233184814453,-15.454155921936035
948,242.77850341796875,-15.40854263305664
949,249.5299835205078,-15.609779357910156
950,231.1009063720703,-15.250179290771484
951,256.5218505859375,-15.736404418945312
952,232.8409881591797,-15.116957664489746
953,229.92649841308594,-15.001399993896484
954,236.1787872314453,-15.299367904663086
955,239.5349578857422,-15.172080039978027
956,241.67652893066406,-15.433300018310547
957,244.0701141357422,-15.500640869140625
958,237.99256896972656,-15.427838325500488
959,222.0112762451172,-14.892471313476562
960,255.17141723632812,-15.893956184387207
961,242.9241485595703,-15.388273239135742
962,236.9897003173828,-15.299836158752441
963,233.59461975097656,-14.929594993591309
964,236.3836669921875,-15.264054298400879
965,219.6807861328125,-15.111886978149414
966,234.8776397705078,-15.271438598632812
967,227.8037567138672,-15.126824378967285
968,237.5709228515625,-15.30491828918457
969,228.69418334960938,-15.151092529296875
970,243.95382690429688,-15.440216064453125
971,236.29953002929688,-15.15733528137207
972,228.82992553710938,-15.069568634033203
973,249.42034912109375,-15.589938163757324
974,233.8780975341797,-15.252644538879395
975,229.8871307373047,-15.28310489654541
976,239.07908630371094,-15.385847091674805
977,247.0546875,-15.879783630371094
978,245.0438690185547,-15.711977005004883
979,227.4944610595703,-15.378293991088867
980,232.24432373046875,-15.07414722442627
981,237.3101348876953,-15.355287551879883
982,231.40811157226562,-15.143190383911133
983,230.9166717529297,-15.042770385742188
984,237.85272216796875,-15.396356582641602
985,234.52711486816406,-15.20667839050293
986,237.56222534179688,-15.454290390014648
987,230.26821899414062,-15.044607162475586
988,234.1989288330078,-15.054537773132324
989,237.03671264648438,-15.423582077026367
990,240.474609375,-15.515310287475586
991,243.61106872558594,-15.765508651733398
992,238.51551818847656,-15.198836326599121
993,232.00225830078125,-15.140859603881836
994,242.7729034423828,-15.325420379638672
995,239.88650512695312,-15.512392044067383
996,220.91163635253906,-14.720858573913574
997,253.1742706298828,-15.596092224121094
998,239.5665283203125,-15.527578353881836
999,231.70721435546875,-15.181955337524414
1000,231.04705810546875,-15.241453170776367
1001,225.38853454589844,-15.074689865112305
1002,234.93540954589844,-15.070516586303711
1003,224.61386108398438,-14.914283752441406
1004,248.06842041015625,-15.475358963012695
1005,216.99267578125,-14.686016082763672
1006,225.2084503173828,-15.106178283691406
1007,229.90252685546875,-15.036816596984863
1008,254.64920043945312,-15.90049934387207
1009,240.58944702148438,-15.16426944732666
1010,234.27166748046875,-15.276978492736816
1011,238.6270294189453,-15.468414306640625
1012,225.21063232421875,-14.81031322479248
1013,231.61129760742188,-15.116007804870605
1014,231.7937469482422,-15.008617401123047
1015,260.0747985839844,-15.889057159423828
1016,243.3367156982422,-15.453916549682617
1017,240.79393005371094,-15.694037437438965
1018,234.48020935058594,-15.183815002441406
1019,233.4917755126953,-15.025521278381348
1020,234.6935577392578,-15.222543716430664
1021,239.60617065429688,-15.415936470031738
1022,229.4436492919922,-14.935669898986816
1023,237.17062377929688,-15.454204559326172
1024,224.1954345703125,-14.891292572021484
1025,245.08375549316406,-15.527461051940918
1026,229.5543670654297,-15.268486976623535
1027,246.0688018798828,-15.505733489990234
1028,243.3043975830078,-15.584138870239258
1029,240.14833068847656,-15.2718505859375
1030,234.1061248779297,-15.204160690307617
1031,236.6165008544922,-15.175012588500977
1032,238.64443969726562,-15.41459846496582
1033,226.20729064941406,-14.923891067504883
1034,245.86947631835938,-15.543089866638184
1035,242.5448760986328,-15.414321899414062
1036,242.7914581298828,-15.405738830566406
1037,236.6995086669922,-15.57357120513916
1038,239.1563720703125,-15.335199356079102
1039,231.92971801757812,-15.029393196105957
1040,237.8877410888672,-15.59689712524414
1041,236.8280487060547,-15.471853256225586
1042,232.8818817138672,-15.113639831542969
1043,242.89578247070312,-15.519104957580566
1044,237.80081176757812,-15.279335021972656
1045,228.3429412841797,-15.030477523803711
1046,238.44863891601562,-15.456144332885742
1047,227.73634338378906,-15.178138732910156
1048,244.53343200683594,-15.731861114501953
1049,243.44082641601562,-15.586273193359375
1050,244.8723907470703,-15.489161491394043
1051,240.4958953857422,-15.16650676727295
1052,232.0918426513672,-15.380826950073242
1053,236.15277099609375,-15.375181198120117
1054,236.43234252929688,-15.375566482543945
1055,234.77845764160156,-15.208059310913086
1056,240.13949584960938,-15.327896118164062
1057,257.0853271484375,-15.929595947265625
1058,234.95303344726562,-15.573381423950195
1059,241.84530639648438,-15.51556396484375
1060,229.43206787109375,-15.330520629882812
1061,231.4461212158203,-15.101717948913574
1062,242.61143493652344,-15.396220207214355
1063,227.79649353027344,-15.271249771118164
1064,235.0633087158203,-15.241893768310547
1065,225.85308837890625,-15.148807525634766
1066,238.8616943359375,-15.509391784667969
1067,231.89585876464844,-15.161866188049316
1068,246.79737854003906,-15.501197814941406
1069,238.87301635742188,-15.136054992675781
1070,232.75039672851562,-15.015952110290527
1071,231.60272216796875,-15.104805946350098
1072,238.6710205078125,-15.166711807250977
1073,235.33778381347656,-15.354592323303223
1074,224.62255859375,-15.115592002868652
1075,238.84906005859375,-15.461843490600586
1076,241.78880310058594,-15.454980850219727
1077,240.9658966064453,-15.253541946411133
1078,232.69589233398438,-15.015792846679688
1079,225.21533203125,-14.822644233703613
1080,224.912353515625,-14.8687744140625
1081,256.7885437011719,-16.062297821044922
1082,230.2191162109375,-14.86013412475586
1083,238.61285400390625,-15.237545013427734
1084,248.9857635498047,-15.474781036376953
1085,213.33169555664062,-14.78610897064209
1086,239.146728515625,-15.427820205688477
1087,246.24285888671875,-15.278672218322754
1088,230.254638671875,-15.184272766113281
1089,233.52760314941406,-15.103283882141113
1090,223.9879150390625,-15.156671524047852
1091,245.91050720214844,-15.697870254516602
1092,231.8072052001953,-15.122733116149902
1093,224.28721618652344,-14.475875854492188
1094,223.70343017578125,-14.891521453857422
1095,228.5924835205078,-14.944198608398438
1096,245.08680725097656,-15.787801742553711
1097,259.1605224609375,-15.922813415527344
1098,236.4437255859375,-15.2278413772583
1099,248.92160034179688,-15.749214172363281
1100,241.2724609375,-15.32321548461914
1101,233.71859741210938,-15.210210800170898
1102,246.71458435058594,-15.532299041748047
1103,225.45989990234375,-15.154052734375
1104,245.0,-15.428213119506836
1105,227.04176330566406,-14.918334007263184
1106,232.5054473876953,-14.970592498779297
1107,228.11851501464844,-14.847246170043945
1108,241.3736114501953,-15.186891555786133
1109,225.93246459960938,-15.012685775756836
1110,238.9849090576172,-15.336629867553711
1111,237.85794067382812,-15.466798782348633
1112,232.9935760498047,-15.267218589782715
1113,242.36032104492188,-15.495649337768555
1114,235.79136657714844,-15.311552047729492
1115,233.7054901123047,-15.145248413085938
1116,235.27711486816406,-15.19593620300293
1117,235.64710998535156,-15.25640869140625
1118,228.39906311035156,-15.261574745178223
1119,232.86875915527344,-15.224175453186035
1120,240.95126342773438,-15.323640823364258
1121,242.49168395996094,-15.307058334350586
1122,239.27239990234375,-15.26919937133789
1123,227.39002990722656,-15.061624526977539
1124,222.63351440429688,-14.990299224853516
1125,220.44564819335938,-14.687376022338867
1126,222.76071166992188,-14.834064483642578
1127,220.79901123046875,-15.03250789642334
1128,249.9764404296875,-15.567983627319336
1129,245.5536346435547,-15.53828239440918
1130,234.6253204345703,-15.402411460876465
1131,237.7686767578125,-15.44350814819336
1132,229.5567169189453,-15.197783470153809
1133,249.99813842773438,-15.986557960510254
1134,237.43919372558594,-15.252409934997559
1135,226.86367797851562,-14.913833618164062
1136,236.37991333007812,-15.464763641357422
1137,232.08038330078125,-15.177494049072266
1138,225.6600341796875,-14.95946979522705
1139,226.5660400390625,-15.323220252990723
1140,231.1805877685547,-14.849019050598145
1141,222.6337127685547,-14.92115592956543
1142,227.45330810546875,-15.01524543762207
1143,229.8263702392578,-15.044685363769531
1144,228.7899627685547,-15.206008911132812
1145,225.9352264404297,-15.078478813171387
1146,229.5364990234375,-15.073444366455078
1147,235.59535217285156,-15.240900039672852
1148,239.8843536376953,-15.396503448486328
1149,239.5045623779297,-15.102428436279297
1150,236.40786743164062,-15.333473205566406
1151,229.05484008789062,-14.880716323852539
1152,241.0712432861328,-15.263114929199219
1153,236.01255798339844,-15.174748420715332
1154,232.9083709716797,-15.15878963470459
1155,264.6915588378906,-15.643510818481445
1156,225.3159637451172,-15.074387550354004
1157,250.81561279296875,-15.507827758789062
1158,235.3892822265625,-15.332540512084961
1159,236.34571838378906,-15.323858261108398
1160,226.50535583496094,-15.291107177734375
1161,245.23812866210938,-15.769775390625
1162,235.77047729492188,-15.341543197631836
1163,235.80300903320312,-15.303985595703125
1164,240.70773315429688,-15.428531646728516
1165,245.72645568847656,-15.5436429977417
1166,238.92837524414062,-15.383167266845703
1167,230.06919860839844,-15.179926872253418
1168,250.7095489501953,-15.523370742797852
1169,223.48629760742188,-15.097173690795898
1170,228.52938842773438,-15.056973457336426
1171,238.5262908935547,-15.386537551879883
1172,230.4252166748047,-14.969974517822266
1173,223.9514617919922,-15.22454833984375
1174,245.66717529296875,-15.37015151977539
1175,229.75149536132812,-15.080901145935059
1176,242.57887268066406,-15.4528169631958
1177,235.60414123535156,-15.075569152832031
1178,233.03236389160156,-15.458704948425293
1179,235.9988555908203,-15.257840156555176
1180,236.791259765625,-15.09003734588623
1181,239.3773956298828,-15.359142303466797
1182,229.22244262695312,-15.1647310256958
1183,238.28012084960938,-15.47082805633545
1184,228.75650024414062,-14.776787757873535
1185,231.85610961914062,-15.357799530029297
1186,247.47161865234375,-15.44350814819336
1187,225.26025390625,-14.978536605834961
1188,232.4117431640625,-15.344939231872559
1189,235.9933624267578,-15.660204887390137
1190,222.41110229492188,-14.898248672485352
1191,234.85313415527344,-15.361790657043457
1192,236.54013061523438,-15.043647766113281
1193,233.72853088378906,-15.064651489257812
1194,242.40310668945312,-15.343522071838379
1195,256.5050354003906,-15.781883239746094
1196,224.6888427734375,-14.910639762878418
1197,239.64404296875,-15.143774032592773
1198,247.87205505371094,-15.971105575561523
1199,229.71163940429688,-14.954832077026367
1200,234.11717224121094,-15.285226821899414
1201,253.72474670410156,-15.88471794128418
1202,234.2715301513672,-15.261626243591309
1203,246.45811462402344,-15.761076927185059
1204,242.7628936767578,-15.15495491027832
1205,242.11172485351562,-15.217901229858398
1206,235.06259155273438,-15.013875961303711
1207,230.8375701904297,-14.989742279052734
1208,238.31861877441406,-15.091926574707031
1209,236.9378204345703,-15.341938972473145
1210,225.68284606933594,-15.056406021118164
1211,253.36972045898438,-15.706819534301758
1212,237.5550994873047,-15.604314804077148
1213,218.73008728027344,-14.880105972290039
1214,230.1615753173828,-14.88206958770752
1215,227.4705047607422,-14.874242782592773
1216,235.5867462158203,-15.045368194580078
1217,220.44984436035156,-14.701298713684082
1218,236.54029846191406,-15.333587646484375
1219,230.9733123779297,-15.235397338867188
1220,242.5353546142578,-15.38082218170166
1221,227.51864624023438,-14.82888412475586
1222,238.58058166503906,-15.348665237426758
1223,226.4980010986328,-14.8206205368042
1224,232.29371643066406,-15.26813793182373
1225,242.11842346191406,-15.271600723266602
1226,223.81216430664062,-14.711613655090332
1227,228.68019104003906,-15.177286148071289
1228,240.4965057373047,-15.282426834106445
1229,244.4518585205078,-15.433770179748535
1230,228.91249084472656,-14.856877326965332
1231,233.96954345703125,-15.174564361572266
1232,229.11605834960938,-14.90114974975586
1233,233.6912078857422,-15.330995559692383
1234,227.3761749267578,-14.993843078613281
1235,238.8293914794922,-15.152151107788086
1236,228.28622436523438,-14.992937088012695
1237,231.20799255371094,-15.21996784210205
1238,240.2105255126953,-15.260963439941406
1239,233.62025451660156,-15.315374374389648
1240,227.5301513671875,-14.947941780090332
1241,228.95074462890625,-15.320758819580078
1242,225.7259063720703,-15.128133773803711
1243,242.90174865722656,-15.349028587341309
1244,228.1940155029297,-14.861936569213867
1245,235.9659881591797,-15.356378555297852
1246,245.7227783203125,-15.52178955078125
1247,239.38206481933594,-15.451882362365723
1248,230.27749633789062,-15.111574172973633
1249,236.349609375,-15.296412467956543
1250,234.81683349609375,-15.187275886535645
1251,236.04196166992188,-15.286222457885742
1252,239.77633666992188,-15.55662727355957
1253,232.60067749023438,-15.147551536560059
1254,234.71902465820312,-15.208491325378418
1255,246.0930938720703,-15.369543075561523
1256,238.966796875,-15.225522994995117
1257,226.3902587890625,-14.927385330200195
1258,227.6411590576172,-15.110931396484375
1259,229.29449462890625,-15.118402481079102
1260,229.62913513183594,-15.375202178955078
1261,241.20851135253906,-15.541964530944824
1262,238.21908569335938,-15.22765827178955
1263,243.43307495117188,-15.686368942260742
1264,237.53387451171875,-15.545952796936035
1265,239.28253173828125,-15.282543182373047
1266,236.3843994140625,-15.171585083007812
1267,232.00140380859375,-14.863809585571289
1268,249.37673950195312,-15.554722785949707
1269,235.15850830078125,-15.317607879638672
1270,224.7012939453125,-15.17597770690918
1271,230.03643798828125,-15.06600284576416
1272,236.50204467773438,-15.194494247436523
1273,227.10134887695312,-14.909589767456055
1274,236.54522705078125,-15.531160354614258
1275,230.80740356445312,-15.022969245910645
1276,231.88662719726562,-15.099405288696289
1277,214.8507080078125,-14.669544219970703
1278,243.68319702148438,-15.390558242797852
1279,224.93785095214844,-15.253164291381836
1280,222.37200927734375,-14.859331130981445
1281,229.56118774414062,-15.455982208251953
1282,251.61959838867188,-15.525217056274414
1283,252.43768310546875,-15.578041076660156
1284,234.81857299804688,-15.318986892700195
1285,231.9659881591797,-15.130922317504883
1286,223.6970672607422,-15.11977481842041
1287,232.71664428710938,-15.46741771697998
1288,238.28797912597656,-15.57974624633789
1289,233.79429626464844,-15.142154693603516
1290,231.36691284179688,-14.999695777893066
1291,235.4844207763672,-15.380952835083008
1292,244.38006591796875,-15.355682373046875
1293,238.16419982910156,-15.231678009033203
1294,239.91574096679688,-15.27491283416748
1295,238.94883728027344,-15.416004180908203
1296,225.93939208984375,-15.109869003295898
1297,226.8067169189453,-15.250836372375488
1298,233.23388671875,-15.276599884033203
1299,247.1580810546875,-15.389256477355957
1300,241.60198974609375,-15.239564895629883
1301,226.93939208984375,-15.141308784484863
1302,243.72756958007812,-15.457276344299316
1303,216.35435485839844,-14.662494659423828
1304,221.67054748535156,-14.56674575805664
1305,242.73231506347656,-15.484363555908203
1306,222.96099853515625,-14.915617942810059
1307,241.88819885253906,-15.449249267578125
1308,244.6885223388672,-15.423511505126953
1309,235.79612731933594,-15.057626724243164
1310,239.74510192871094,-15.80264663696289
1311,238.96852111816406,-15.056894302368164
1312,217.60885620117188,-14.857998847961426
1313,227.53411865234375,-14.955628395080566
1314,237.62709045410156,-15.282173156738281
1315,234.2134246826172,-15.155028343200684
1316,232.4266815185547,-15.211244583129883
1317,233.57643127441406,-15.251665115356445
1318,223.67929077148438,-14.897623062133789
1319,241.99636840820312,-15.377622604370117
1320,236.0184326171875,-15.292190551757812
1321,241.6656494140625,-15.27229118347168
1322,242.11424255371094,-15.123409271240234
1323,237.11627197265625,-15.222698211669922
1324,240.2196807861328,-15.264860153198242
1325,260.5785827636719,-15.845904350280762
1326,230.92063903808594,-15.350996971130371
1327,220.558349609375,-15.164831161499023
1328,233.57025146484375,-15.216629028320312
1329,244.05642700195312,-15.283474922180176
1330,232.40484619140625,-15.116209030151367
1331,230.42413330078125,-15.197898864746094
1332,232.16722106933594,-15.095844268798828
1333,221.09671020507812,-14.653264045715332
1334,225.15658569335938,-14.84358024597168
1335,232.9091339111328,-15.067798614501953
1336,237.55679321289062,-15.364238739013672
1337,239.91232299804688,-15.47976016998291
1338,240.62200927734375,-15.321130752563477
1339,224.7509002685547,-14.848820686340332
1340,246.53799438476562,-15.437023162841797
1341,230.16793823242188,-14.858138084411621
1342,236.70281982421875,-15.452432632446289
1343,243.51153564453125,-15.4281005859375
1344,226.56005859375,-14.845378875732422
1345,243.17584228515625,-15.342399597167969
1346,228.28822326660156,-15.069374084472656
1347,242.95838928222656,-15.462974548339844
1348,228.86871337890625,-15.168782234191895
1349,238.65435791015625,-15.269780158996582
1350,227.7840118408203,-15.084163665771484
1351,233.33685302734375,-15.32876205444336
1352,239.44308471679688,-15.364691734313965
1353,235.16737365722656,-15.080820083618164
1354,223.9739532470703,-15.022271156311035
1355,229.11106872558594,-14.93902587890625
1356,244.6499481201172,-15.562396049499512
1357,212.5026092529297,-14.805360794067383
1358,227.74856567382812,-14.991381645202637
1359,231.2397003173828,-15.160335540771484
1360,217.0426483154297,-14.62332820892334
1361,230.39378356933594,-14.902294158935547
1362,228.7969207763672,-14.963022232055664
1363,235.44345092773438,-15.011090278625488
1364,222.9396209716797,-14.787153244018555
1365,234.2158966064453,-15.064115524291992
1366,249.53831481933594,-15.656472206115723
1367,239.0196075439453,-15.287012100219727
1368,230.86756896972656,-15.057293891906738
1369,219.69834899902344,-14.786872863769531
1370,246.30274963378906,-15.530120849609375
1371,215.87351989746094,-14.711685180664062
1372,236.50575256347656,-15.154339790344238
1373,225.76109313964844,-14.873318672180176
1374,249.5902557373047,-15.638349533081055
1375,233.54489135742188,-15.281518936157227
1376,222.0469970703125,-15.040792465209961
1377,245.88095092773438,-15.562820434570312
1378,234.96469116210938,-15.451621055603027
1379,241.83547973632812,-15.705657958984375
1380,233.5576171875,-15.106106758117676
1381,229.0631866455078,-15.047388076782227
1382,240.1060791015625,-15.300004959106445
1383,237.26805114746094,-15.182366371154785
1384,231.11546325683594,-15.282576560974121
1385,216.77374267578125,-14.925058364868164
1386,236.88580322265625,-15.247722625732422
1387,231.88099670410156,-15.316314697265625
1388,227.2442626953125,-15.059798240661621
1389,260.94793701171875,-15.899276733398438
1390,228.6566162109375,-15.246759414672852
1391,228.8970947265625,-14.99063491821289
1392,238.8500213623047,-15.564149856567383
1393,245.75991821289062,-15.277565002441406
1394,241.0050048828125,-15.239644050598145
1395,238.8466339111328,-15.002686500549316
1396,245.839599609375,-15.397431373596191
1397,234.37159729003906,-15.078746795654297
1398,239.96292114257812,-15.578611373901367
1399,236.45004272460938,-15.683595657348633
1400,251.843505859375,-15.794150352478027
1401,226.587890625,-14.87602710723877
1402,235.13412475585938,-15.37675952911377
1403,240.65792846679688,-15.328197479248047
1404,238.8291778564453,-15.186747550964355
1405,233.9429473876953,-15.365962982177734
1406,238.27783203125,-15.148946762084961
1407,241.19912719726562,-15.822271347045898
1408,234.75123596191406,-15.166520118713379
1409,238.72161865234375,-15.303977966308594
1410,230.95278930664062,-15.067354202270508
1411,230.8782958984375,-15.121217727661133
1412,247.9229736328125,-15.502717971801758
1413,248.9962158203125,-15.679403305053711
1414,231.09103393554688,-15.126073837280273
1415,227.583740234375,-15.017158508300781
1416,239.55625915527344,-15.532711029052734
1417,239.94412231445312,-15.289216041564941
1418,224.13063049316406,-14.81116008758545
1419,230.05233764648438,-15.033296585083008
1420,232.11956787109375,-15.240938186645508
1421,236.3846435546875,-15.42158317565918
1422,239.4500732421875,-15.217192649841309
1423,244.87689208984375,-15.444672584533691
1424,248.6162872314453,-15.488534927368164
1425,230.492431640625,-15.285483360290527
1426,223.3897705078125,-14.916967391967773
1427,221.18797302246094,-14.962756156921387
1428,238.28652954101562,-15.261787414550781
1429,230.5205535888672,-14.824216842651367
1430,234.69625854492188,-14.965165138244629
1431,232.45738220214844,-15.207494735717773
1432,220.6712646484375,-14.885296821594238
1433,222.00289916992188,-14.974544525146484
1434,227.68988037109375,-15.37862491607666
1435,246.50894165039062,-15.345827102661133
1436,230.5955352783203,-14.836919784545898
1437,241.60891723632812,-15.293305397033691
1438,222.23402404785156,-14.942023277282715
1439,236.1376953125,-15.378268241882324
1440,223.0077362060547,-14.846590995788574
1441,240.9583740234375,-15.526694297790527
1442,238.0770263671875,-15.451600074768066
1443,226.02838134765625,-15.182548522949219
1444,229.56419372558594,-15.24661636352539
1445,242.5936279296875,-15.354941368103027
1446,233.09414672851562,-15.437536239624023
1447,238.07534790039062,-15.318297386169434
1448,239.44886779785156,-15.11514663696289
1449,233.92413330078125,-15.223136901855469
1450,217.51593017578125,-14.761883735656738
1451,240.48150634765625,-15.232442855834961
1452,239.67327880859375,-15.133930206298828
1453,232.30857849121094,-15.37887954711914
1454,244.8507843017578,-15.481206893920898
1455,237.14842224121094,-15.235504150390625
1456,227.28761291503906,-14.897008895874023
1457,235.94558715820312,-15.28683090209961
1458,237.08766174316406,-15.19764518737793
1459,242.95338439941406,-15.528631210327148
1460,228.82826232910156,-15.108613967895508
1461,227.7209014892578,-15.173311233520508
1462,239.63735961914062,-15.378698348999023
1463,224.0798797607422,-15.021753311157227
1464,246.33102416992188,-15.40076732635498
1465,232.4357147216797,-15.101874351501465
1466,260.048583984375,-15.752851486206055
1467,240.46603393554688,-15.064983367919922
1468,239.36341857910156,-15.404935836791992
1469,230.55467224121094,-15.054137229919434
1470,232.1566925048828,-15.242425918579102
1471,249.03428649902344,-15.51615047454834
1472,227.85057067871094,-15.12306022644043
1473,241.5565643310547,-15.111570358276367
1474,237.5023193359375,-15.462209701538086
1475,228.2570343017578,-14.871023178100586
1476,241.76234436035156,-15.590242385864258
1477,234.17237854003906,-15.188762664794922
1478,228.68128967285156,-15.02625846862793
1479,240.13528442382812,-15.53927230834961
1480,240.81932067871094,-15.364009857177734
1481,237.90277099609375,-15.327798843383789
1482,256.61248779296875,-15.800936698913574
1483,229.0171356201172,-15.162622451782227
1484,237.2592010498047,-15.501209259033203
1485,236.21583557128906,-15.46519947052002
1486,234.4430389404297,-15.264097213745117
1487,236.13197326660156,-15.201197624206543
1488,236.58819580078125,-15.166423797607422
1489,247.60496520996094,-15.688796997070312
1490,240.82545471191406,-15.357314109802246
1491,237.2824249267578,-15.344762802124023
1492,250.4882354736328,-15.79298210144043
1493,238.73684692382812,-15.264579772949219
1494,233.11473083496094,-15.253765106201172
1495,234.0931854248047,-15.23989486694336
1496,219.4940643310547,-14.71878433227539
1497,232.74490356445312,-15.06932544708252
1498,225.008056640625,-15.111713409423828
1499,239.81228637695312,-15.291616439819336
1500,236.87547302246094,-15.38388729095459
1501,216.9564971923828,-14.777406692504883
1502,229.6307830810547,-15.269232749938965
1503,223.0014190673828,-15.167686462402344
1504,232.7992401123047,-15.12627124786377
1505,230.9318084716797,-15.03470230102539
1506,240.14892578125,-15.664767265319824
1507,237.38760375976562,-15.15318489074707
1508,248.4305419921875,-15.84617805480957
1509,233.76132202148438,-15.206016540527344
1510,244.77618408203125,-15.374404907226562
1511,236.17861938476562,-15.344732284545898
1512,236.0398712158203,-15.464142799377441
1513,233.6472930908203,-15.038459777832031
1514,232.41705322265625,-15.188774108886719
1515,247.50369262695312,-15.705958366394043
1516,225.69967651367188,-15.022396087646484
1517,231.54013061523438,-15.08087158203125
1518,231.1278076171875,-15.147775650024414
1519,235.41322326660156,-15.237350463867188
1520,234.88270568847656,-14.785890579223633
1521,241.47329711914062,-15.277570724487305
1522,227.385009765625,-14.840375900268555
1523,229.5015106201172,-15.129751205444336
1524,225.86495971679688,-15.19072437286377
1525,239.3184051513672,-15.084173202514648
1526,252.0924530029297,-15.897143363952637
1527,240.5390625,-15.375859260559082
1528,236.03640747070312,-15.314645767211914
1529,236.41818237304688,-15.454950332641602
1530,237.72525024414062,-15.455948829650879
1531,230.81100463867188,-15.347660064697266
1532,235.8111572265625,-15.172369956970215
1533,233.5718994140625,-15.259645462036133
1534,233.6695098876953,-15.224932670593262
1535,240.2069091796875,-15.563470840454102
1536,238.08030700683594,-15.251571655273438
1537,231.8709716796875,-15.257949829101562
1538,234.80963134765625,-15.142483711242676
1539,251.5607452392578,-15.480661392211914
1540,215.55136108398438,-14.88147258758545
1541,228.93226623535156,-15.203872680664062
1542,235.66293334960938,-15.077617645263672
1543,222.41384887695312,-15.047148704528809
1544,248.25535583496094,-15.433122634887695
1545,249.3508758544922,-15.439435958862305
1546,244.40310668945312,-15.321693420410156
1547,237.48631286621094,-15.125694274902344
1548,238.77670288085938,-15.227371215820312
1549,242.44683837890625,-15.298364639282227
1550,225.392578125,-15.175338745117188
1551,243.8577423095703,-15.462778091430664
1552,223.26158142089844,-14.912195205688477
1553,224.53826904296875,-14.903704643249512
1554,249.1593475341797,-15.632183074951172
1555,234.37425231933594,-15.067354202270508
1556,236.24440002441406,-15.243419647216797
1557,222.4622344970703,-14.890518188476562
1558,225.70069885253906,-14.782267570495605
1559,235.41542053222656,-15.052669525146484
1560,225.22474670410156,-15.1109037399292
1561,238.0207977294922,-15.432785034179688
1562,229.9899139404297,-15.373309135437012
1563,213.2149200439453,-14.48468017578125
1564,231.02285766601562,-15.057146072387695
1565,237.35458374023438,-15.163690567016602
1566,231.32969665527344,-15.252983093261719
1567,230.5353546142578,-15.302339553833008
1568,242.00454711914062,-15.418340682983398
1569,245.91136169433594,-15.70711898803711
1570,239.50279235839844,-15.359811782836914
1571,233.3782196044922,-15.262033462524414
1572,235.3070526123047,-15.418815612792969
1573,221.53968811035156,-14.608678817749023
1574,244.5574493408203,-15.578250885009766
1575,238.08799743652344,-15.3651123046875
1576,241.5779571533203,-15.593236923217773
1577,223.4871368408203,-14.954500198364258
1578,235.97900390625,-15.165464401245117
1579,225.2342071533203,-15.043545722961426
1580,231.6254119873047,-15.21239185333252
1581,218.5424041748047,-14.645947456359863
1582,250.63751220703125,-15.69253921508789
1583,233.8798828125,-15.221076965332031
1584,236.83914184570312,-15.212251663208008
1585,238.56411743164062,-15.144044876098633
1586,222.35025024414062,-14.944823265075684
1587,243.60043334960938,-15.147397994995117
1588,227.20785522460938,-15.181140899658203
1589,224.76467895507812,-14.9911527633667
1590,242.29193115234375,-15.833420753479004
1591,226.41769409179688,-15.104049682617188
1592,232.9442901611328,-15.061586380004883
1593,224.1820068359375,-14.959291458129883
1594,237.083984375,-15.36208724975586
1595,237.3702392578125,-15.237937927246094
1596,228.07899475097656,-14.806404113769531
1597,221.64300537109375,-14.765531539916992
1598,232.8177947998047,-15.395126342773438
1599,240.6588592529297,-15.574987411499023
1600,240.24620056152344,-15.123714447021484
1601,235.57264709472656,-15.20543098449707
1602,227.7958526611328,-14.960376739501953
1603,230.59268188476562,-15.04707145690918
1604,248.7814178466797,-15.511800765991211
1605,239.6168212890625,-15.274828910827637
1606,243.40293884277344,-15.623520851135254
1607,228.7379913330078,-15.092890739440918
1608,240.10597229003906,-15.560811996459961
1609,233.29161071777344,-15.27531623840332
1610,240.0598602294922,-15.437508583068848
1611,241.55613708496094,-15.170869827270508
1612,252.39247131347656,-15.597190856933594
1613,234.04539489746094,-15.14399242401123
1614,240.1028289794922,-15.300509452819824
1615,242.2148895263672,-15.589427947998047
1616,238.40255737304688,-15.402677536010742
1617,229.68466186523438,-15.114166259765625
1618,223.3535614013672,-14.740400314331055
1619,241.9888458251953,-15.352811813354492
1620,222.08668518066406,-14.785837173461914
1621,225.90713500976562,-15.247387886047363
1622,239.5194549560547,-15.45534896850586
1623,228.77700805664062,-15.089057922363281
1624,226.628662109375,-14.87185287475586
1625,240.24176025390625,-15.355193138122559
1626,231.51535034179688,-15.403348922729492
1627,237.1080322265625,-15.274490356445312
1628,239.25115966796875,-15.339628219604492
1629,241.33517456054688,-15.278390884399414
1630,231.14517211914062,-15.501051902770996
1631,239.82809448242188,-15.513132095336914
1632,226.15127563476562,-15.260592460632324
1633,225.953857421875,-15.166614532470703
1634,214.46771240234375,-14.772441864013672
1635,226.5460662841797,-14.883464813232422
1636,247.71566772460938,-15.617177963256836
1637,238.95730590820312,-15.48319149017334
1638,224.03836059570312,-14.91598129272461
1639,227.86148071289062,-15.188630104064941
1640,233.9693145751953,-15.433384895324707
1641,215.968994140625,-14.80912971496582
1642,240.59027099609375,-15.332104682922363
1643,226.80311584472656,-14.901369094848633
1644,250.0221710205078,-15.676933288574219
1645,235.67361450195312,-15.073781967163086
1646,217.72120666503906,-14.805756568908691
1647,230.0961151123047,-15.069905281066895
1648,246.72698974609375,-15.637567520141602
1649,243.15451049804688,-15.218257904052734
1650,222.95118713378906,-15.122055053710938
1651,235.28060913085938,-15.461075782775879
1652,230.32046508789062,-14.948537826538086
1653,238.68235778808594,-15.337106704711914
1654,233.28912353515625,-15.168453216552734
1655,233.8907012939453,-15.214868545532227
1656,234.07369995117188,-15.41562271118164
1657,234.71026611328125,-15.250178337097168
1658,226.98550415039062,-15.017952919006348
1659,225.96929931640625,-14.978019714355469
1660,223.03878784179688,-14.926345825195312
1661,229.646484375,-15.195940017700195
1662,234.64620971679688,-15.238727569580078
1663,228.8738250732422,-15.089179992675781
1664,226.7262420654297,-15.018754959106445
1665,222.18702697753906,-15.035080909729004
1666,239.73724365234375,-15.412149429321289
1667,244.64002990722656,-15.552044868469238
1668,236.37506103515625,-15.539265632629395
1669,231.0640106201172,-15.001412391662598
1670,248.78916931152344,-15.544914245605469
1671,238.8848419189453,-15.188507080078125
1672,224.85430908203125,-14.831544876098633
1673,226.09121704101562,-14.971980094909668
1674,230.5935821533203,-15.371387481689453
1675,236.28323364257812,-15.331151962280273
1676,245.2141571044922,-15.97025203704834
1677,231.882080078125,-15.024255752563477
1678,241.5176239013672,-15.725743293762207
1679,241.08180236816406,-15.398757934570312
1680,228.91253662109375,-15.243795394897461
1681,230.167724609375,-14.891338348388672
1682,248.77220153808594,-15.757284164428711
1683,239.8046417236328,-15.261804580688477
1684,227.99024963378906,-14.947395324707031
1685,240.4761199951172,-15.499670028686523
1686,233.58067321777344,-15.429826736450195
1687,234.73760986328125,-15.178442001342773
1688,247.56480407714844,-15.5717134475708
1689,230.2454071044922,-15.150093078613281
1690,232.51231384277344,-15.218749046325684
1691,228.92770385742188,-15.07461929321289
1692,240.03749084472656,-15.214935302734375
1693,227.52989196777344,-15.086847305297852
1694,249.5193328857422,-15.574522972106934
1695,238.9170379638672,-15.350418090820312
1696,235.3080596923828,-15.366840362548828
1697,231.49131774902344,-15.042972564697266
1698,233.39126586914062,-15.182583808898926
1699,237.47390747070312,-15.228307723999023
1700,232.0847625732422,-15.245157241821289
1701,237.9854278564453,-15.40941047668457
1702,224.16001892089844,-15.25313663482666
1703,239.19134521484375,-15.277381896972656
1704,225.4477081298828,-15.194451332092285
1705,225.52975463867188,-15.10400390625
1706,233.02725219726562,-14.965608596801758
1707,237.0032958984375,-15.016551971435547
1708,250.22393798828125,-15.828582763671875
1709,239.64013671875,-15.494914054870605
1710,226.84542846679688,-15.193782806396484
1711,239.83206176757812,-15.398418426513672
1712,235.05123901367188,-15.30196762084961
1713,233.76809692382812,-15.209033966064453
1714,252.5682373046875,-15.844511032104492
1715,236.2604217529297,-15.262468338012695
1716,252.23712158203125,-15.497135162353516
1717,234.2046661376953,-15.066743850708008
1718,224.43551635742188,-14.949090957641602
1719,229.9687957763672,-15.116312026977539
1720,236.4125518798828,-15.047981262207031
1721,221.49932861328125,-14.879775047302246
1722,234.2113494873047,-15.286489486694336
1723,251.67625427246094,-15.786945343017578
1724,253.84930419921875,-15.878421783447266
1725,233.82821655273438,-15.038335800170898
1726,240.46334838867188,-15.134557723999023
1727,256.5841979980469,-15.821659088134766
1728,228.1396942138672,-15.158575057983398
1729,239.98468017578125,-15.69356918334961
1730,230.15042114257812,-15.146978378295898
1731,212.67623901367188,-14.508541107177734
1732,231.38803100585938,-15.182453155517578
1733,239.51914978027344,-15.601567268371582
1734,224.76266479492188,-14.969205856323242
1735,226.82313537597656,-14.829225540161133
1736,249.5956573486328,-15.41291618347168
1737,228.53665161132812,-15.00490951538086
1738,223.05467224121094,-15.059977531433105
1739,236.2520751953125,-15.365518569946289
1740,225.26805114746094,-15.1104154586792
1741,249.64308166503906,-15.496702194213867
1742,250.14794921875,-15.783838272094727
1743,252.9740447998047,-15.788484573364258
1744,228.35842895507812,-15.109869003295898
1745,243.89279174804688,-15.405084609985352
1746,228.75637817382812,-15.022422790527344
1747,230.07957458496094,-15.173774719238281
1748,232.17495727539062,-15.415681838989258
1749,234.2498016357422,-15.226621627807617
1750,225.2313232421875,-15.160337448120117
1751,240.96527099609375,-15.571207046508789
1752,233.39834594726562,-14.980520248413086
1753,230.49591064453125,-15.334779739379883
1754,228.8031463623047,-15.259663581848145
1755,225.05975341796875,-15.297208786010742
1756,227.8037872314453,-15.111713409423828
1757,242.40557861328125,-15.573802947998047
1758,236.92022705078125,-15.238540649414062
1759,239.29393005371094,-15.420805931091309
1760,222.319580078125,-14.793875694274902
1761,228.88525390625,-15.174016952514648
1762,234.54127502441406,-15.050975799560547
1763,239.37203979492188,-15.339757919311523
1764,231.6068115234375,-15.160615921020508
1765,231.10874938964844,-15.121990203857422
1766,233.90420532226562,-15.177215576171875
1767,228.542724609375,-15.256526947021484
1768,238.41961669921875,-15.292779922485352
1769,224.93507385253906,-15.022250175476074
1770,224.43336486816406,-14.797030448913574
1771,233.03866577148438,-15.240673065185547
1772,241.40591430664062,-15.20878791809082
1773,222.6112060546875,-14.7322998046875
1774,238.57583618164062,-15.607046127319336
1775,253.0216522216797,-15.801477432250977
1776,232.5167236328125,-15.002065658569336
1777,245.0177459716797,-15.43227767944336
1778,225.6181640625,-14.915875434875488
1779,234.93093872070312,-15.219198226928711
1780,222.91162109375,-14.853482246398926
1781,240.27059936523438,-15.524435043334961
1782,242.18280029296875,-15.673653602600098
1783,238.75848388671875,-15.329312324523926
1784,226.3448028564453,-15.190053939819336
1785,226.95697021484375,-15.062597274780273
1786,241.40386962890625,-15.580219268798828
1787,230.36895751953125,-14.92018985748291
1788,228.70301818847656,-15.285558700561523
1789,243.15142822265625,-15.247026443481445
1790,228.66859436035156,-14.823455810546875
1791,241.372802734375,-15.478769302368164
1792,232.84375,-15.04698657989502
1793,241.02647399902344,-15.58689022064209
1794,252.31922912597656,-15.67810344696045
1795,246.79025268554688,-15.565704345703125
1796,251.9810028076172,-15.580790519714355
1797,256.0796203613281,-15.892033576965332
1798,232.04830932617188,-15.272211074829102
1799,238.90017700195312,-15.454986572265625
1800,240.03927612304688,-15.524881362915039
1801,234.38404846191406,-15.19806957244873
1802,220.61163330078125,-14.970598220825195
1803,234.33642578125,-15.36971664428711
1804,217.17108154296875,-14.590044021606445
1805,223.0584716796875,-15.213727951049805
1806,236.96829223632812,-15.3236722946167
1807,239.49130249023438,-15.208524703979492
1808,246.18325805664062,-15.600940704345703
1809,225.62893676757812,-15.11163330078125
1810,236.78704833984375,-15.247892379760742
1811,253.47137451171875,-15.69760799407959
1812,241.15081787109375,-15.601106643676758
1813,241.55160522460938,-15.19671630859375
1814,243.46905517578125,-15.312141418457031
1815,233.57186889648438,-15.189537048339844
1816,226.73626708984375,-14.79052734375
1817,261.9592590332031,-15.842782974243164
1818,232.74261474609375,-15.37790584564209
1819,224.81771850585938,-14.880294799804688
1820,214.30563354492188,-14.613390922546387
1821,245.5377960205078,-15.505176544189453
1822,226.77938842773438,-15.173990249633789
1823,241.4752197265625,-15.580581665039062
1824,232.33517456054688,-15.256450653076172
1825,226.79563903808594,-15.026442527770996
1826,222.09524536132812,-14.968799591064453
1827,243.4163818359375,-15.52568244934082
1828,249.28646850585938,-16.01607894897461
1829,247.56695556640625,-15.572732925415039
1830,244.7835235595703,-15.66720962524414
1831,235.71426391601562,-15.116539001464844
1832,234.96636962890625,-15.052005767822266
1833,239.66799926757812,-15.397146224975586
1834,238.42672729492188,-15.585722923278809
1835,243.67739868164062,-15.733434677124023
1836,249.1363525390625,-15.655265808105469
1837,233.7060546875,-15.275497436523438
1838,233.33279418945312,-15.266866683959961
1839,213.06427001953125,-14.93252182006836
1840,239.75006103515625,-15.077252388000488
1841,240.44091796875,-15.387676239013672
1842,227.35067749023438,-15.11775016784668
1843,220.583251953125,-14.853272438049316
1844,246.95452880859375,-15.74730110168457
1845,234.02293395996094,-15.037372589111328
1846,225.3673095703125,-15.083794593811035
1847,235.984375,-15.321142196655273
1848,228.85958862304688,-15.023702621459961
1849,237.84140014648438,-15.292895317077637
1850,227.61767578125,-14.985549926757812
1851,230.0577392578125,-14.926599502563477
1852,225.91143798828125,-15.05235481262207
1853,252.5205078125,-15.902129173278809
1854,220.91702270507812,-14.924728393554688
1855,237.82664489746094,-15.308679580688477
1856,229.5380096435547,-15.261919021606445
1857,244.14768981933594,-15.213430404663086
1858,225.8120574951172,-14.777429580688477
1859,245.8689727783203,-15.40865707397461
1860,227.32786560058594,-15.149824142456055
1861,231.068359375,-15.234091758728027
1862,234.3583221435547,-15.24038028717041
1863,233.58709716796875,-15.199357986450195
1864,239.80140686035156,-15.386674880981445
1865,224.4977569580078,-15.085394859313965
1866,228.07974243164062,-15.184203147888184
1867,224.8025665283203,-15.035135269165039
1868,243.53358459472656,-15.6007719039917
1869,235.18861389160156,-15.510636329650879
1870,224.7263641357422,-15.036499977111816
1871,234.78187561035156,-15.413239479064941
1872,248.0164337158203,-15.344011306762695
1873,219.90614318847656,-14.616070747375488
1874,240.4368896484375,-15.623254776000977
1875,240.98033142089844,-15.45631217956543
1876,234.80496215820312,-15.07883071899414
1877,235.27186584472656,-15.254021644592285
1878,212.83702087402344,-14.655915260314941
1879,238.85519409179688,-15.594291687011719
1880,250.4803009033203,-15.640872955322266
1881,236.42193603515625,-15.404272079467773
1882,236.7254638671875,-15.357834815979004
1883,248.1750030517578,-15.730433464050293
1884,232.09417724609375,-15.370415687561035
1885,225.20704650878906,-15.134894371032715
1886,237.23410034179688,-15.103034973144531
1887,239.60366821289062,-15.830963134765625
1888,242.71450805664062,-15.343379020690918
1889,221.87208557128906,-14.87736701965332
1890,216.0821075439453,-14.758914947509766
1891,248.35531616210938,-15.683988571166992
1892,224.50267028808594,-14.941609382629395
1893,222.84124755859375,-15.031425476074219
1894,235.51304626464844,-14.89842414855957
1895,231.09669494628906,-15.024554252624512
1896,229.20335388183594,-15.010257720947266
1897,235.0305938720703,-15.261144638061523
1898,221.07286071777344,-14.843236923217773
1899,258.93310546875,-15.813652992248535
1900,225.5668487548828,-14.99899673461914
1901,236.06703186035156,-15.282224655151367
1902,224.50245666503906,-15.157523155212402
1903,243.61785888671875,-15.494545936584473
1904,228.30323791503906,-15.019550323486328
1905,245.15896606445312,-15.688211441040039
1906,237.99917602539062,-15.371488571166992
1907,238.78988647460938,-15.395055770874023
1908,229.59019470214844,-15.047038078308105
1909,231.6695098876953,-15.356733322143555
1910,243.77828979492188,-15.157130241394043
1911,220.8279266357422,-14.719303131103516
1912,224.3564910888672,-14.919967651367188
1913,238.67881774902344,-15.27537727355957
1914,232.86642456054688,-14.9793119430542
1915,252.58892822265625,-15.55549144744873
1916,231.85560607910156,-15.095111846923828
1917,240.13925170898438,-15.459827423095703
1918,252.01806640625,-15.725976943969727
1919,217.87025451660156,-14.847366333007812
1920,248.1520233154297,-15.6611328125
1921,212.59051513671875,-14.723365783691406
1922,251.43426513671875,-15.584688186645508
1923,235.7980499267578,-15.303486824035645
1924,227.15289306640625,-15.132495880126953
1925,254.50563049316406,-15.591303825378418
1926,239.97308349609375,-15.183115005493164
1927,238.97279357910156,-15.521297454833984
1928,245.0097198486328,-15.693937301635742
1929,243.41342163085938,-15.72220230102539
1930,223.80149841308594,-14.834366798400879
1931,232.62327575683594,-15.375200271606445
1932,244.0911102294922,-15.471734046936035
1933,224.1900177001953,-14.64643669128418
1934,232.63589477539062,-14.852413177490234
1935,251.6638946533203,-15.5452299118042
1936,229.04991149902344,-14.879796028137207
1937,238.96302795410156,-15.096080780029297
1938,246.50978088378906,-15.770608901977539
1939,241.9917449951172,-15.643211364746094
1940,233.64688110351562,-14.900472640991211
1941,241.82937622070312,-15.591996192932129
1942,237.06785583496094,-15.374236106872559
1943,232.68690490722656,-15.067375183105469
1944,222.80714416503906,-15.035036087036133
1945,248.72474670410156,-15.704739570617676
1946,221.02796936035156,-14.882221221923828
1947,262.8799743652344,-15.914840698242188
1948,238.31349182128906,-15.493642807006836
1949,238.5604248046875,-15.473516464233398
1950,230.11898803710938,-15.135015487670898
1951,240.5955352783203,-15.655696868896484
1952,216.26393127441406,-14.662729263305664
1953,229.04380798339844,-14.78320026397705
1954,238.54026794433594,-15.311514854431152
1955,233.0617218017578,-15.046890258789062
1956,238.43788146972656,-15.181026458740234
1957,240.81724548339844,-15.322938919067383
1958,248.15478515625,-15.835999488830566
1959,222.17991638183594,-14.853076934814453
1960,244.665771484375,-15.587180137634277
1961,233.60934448242188,-15.340158462524414
1962,233.9141082763672,-15.23067569732666
1963,228.5475616455078,-15.128414154052734
1964,219.5384979248047,-14.808713912963867
1965,245.00491333007812,-15.49924373626709
1966,246.97412109375,-15.298011779785156
1967,241.69212341308594,-15.310614585876465
1968,240.48048400878906,-15.190807342529297
1969,241.15695190429688,-15.624259948730469
1970,237.6666717529297,-15.397563934326172
1971,245.50099182128906,-15.591293334960938
1972,235.49752807617188,-15.361180305480957
1973,224.5845947265625,-14.668838500976562
1974,233.35650634765625,-15.314342498779297
1975,256.570068359375,-15.766593933105469
1976,243.77989196777344,-15.281881332397461
1977,244.8002471923828,-15.364906311035156
1978,237.16595458984375,-15.287874221801758
1979,253.2451629638672,-15.945980072021484
1980,231.258056640625,-15.045979499816895
1981,234.61109924316406,-15.448049545288086
1982,227.07501220703125,-15.142951965332031
1983,230.07687377929688,-15.419414520263672
1984,247.91897583007812,-15.70170783996582
1985,247.60850524902344,-15.793451309204102
1986,232.719482421875,-15.010541915893555
1987,247.24609375,-15.784233093261719
1988,250.12127685546875,-15.627567291259766
1989,249.63519287109375,-15.850141525268555
1990,241.06417846679688,-15.223642349243164
1991,248.85494995117188,-15.765186309814453
1992,241.603515625,-15.219133377075195
1993,221.2884063720703,-14.750967979431152
1994,230.733154296875,-15.180683135986328
1995,238.42599487304688,-15.371011734008789
1996,242.397705078125,-15.477413177490234
1997,241.30303955078125,-15.544501304626465
1998,229.9522247314453,-15.263360977172852
1999,241.51089477539062,-15.48499870300293
2000,227.02947998046875,-15.026434898376465
