P1,P2,P4
6.592794897,58.92422113,7.110230926000001
6.19766805,83.80202805,7.6062180900000005
6.4700894,45.451683,6.608264
5.5998483,70.22864,6.689739
6.058861729999999,100.43049534,6.9717640670000005
5.7272205,76.21928,7.34312
5.992619,67.37405,7.549616
5.725607,85.94498,7.255375
6.292,69.35038,6.58045
6.048409644,65.4330621,7.1063145500000005
6.0176597,59.559166,6.961305
6.476435,62.51413,7.1529245
6.32152435,79.0202386,7.08618222
6.021446,69.94671,6.547589
6.067329,80.84352,6.8684063
6.26111726,66.04255064,6.6880634500000005
6.034656,74.993484,7.060113
5.97456309,58.106616030000005,6.832091167
6.167051,85.41379,7.1948357
5.975343416,57.501596740000004,6.448436506
5.8477097,83.16215,6.7849765
6.158584,74.34643,6.884008
6.0266314,119.54011,7.3614674
6.455871,80.405685,6.759088
6.2467194,57.372864,6.5121155
6.022213880000001,77.63482665,7.260868487
5.869461,69.716675,6.5009375
6.091628,73.38948,6.5638685
5.7024326,117.50416,7.0934486
5.846376617,64.2248092,6.877534097000001
5.7391324,82.78117,6.3460097
6.2974954400000005,52.5831553,6.657908485999999
5.031072,102.50968,6.926399
5.80820195,102.45975805,6.996544114000001
6.0022973870000005,56.4100554,6.68572833
6.096422822,64.61965860000001,7.126786543000001
6.1116476,59.08802,6.7930484
6.39207,69.33396,6.947344
6.292384335,61.882472750000005,6.942924830000001
5.866527,63.27932,6.8475327
6.133411143,58.1683846,6.444048157
6.273692,79.038826,6.4107227
6.076523903,60.3347538,6.7911605129999995
5.729063804000001,57.7502446,7.050757884
5.98849301,66.58629525,6.71563443
5.83092392,56.80309185,6.615258913
6.542538,62.009354,6.983275
6.112356,76.02502,6.830982
6.2725887,87.31035,6.564284
6.0787973,81.64308,6.6983047
5.978920735,52.288134299999996,6.9779031499999995
6.39849443,85.4600996,7.116331427
5.9403941840000005,76.6738773,7.136764534999999
6.293232937,89.0333483,6.985422600000001
6.2139297,64.741394,6.8206787
5.6222916,63.136482,6.7184124
6.283373,85.79019,6.901745
6.745549115,51.9393611,6.69524859
6.301544934,68.458608,6.500706127
5.38549,98.47003,7.182956
5.92260162,78.14411410000001,6.98963834
6.07042825,65.0891571,7.007519885
6.16808111,84.3216579,6.55899959
6.510918136,67.16563226,6.683756204
5.846755669999999,62.96714104,6.90829698
6.228258,75.9809,6.9321356
6.138316814,66.0233667,7.113282843
5.8174314,70.63396,7.098276
5.8792,58.79502,6.200418
5.371804,86.230415,7.0882635
6.1831200100000006,77.1234788,7.113534736999999
6.0397425,75.0131,6.872262
6.010678265999999,77.4526176,7.196103146
6.5905943,64.59752,6.4746785
5.90027658,63.402574259999994,6.6604040950000005
6.4626193,50.445763,6.424817
6.304917,81.33362,7.130952
6.537733,61.532494,6.6019044
6.0836134,63.424805,6.9898143
6.468427,72.25638,7.053715
6.034359,67.48555,6.270047
5.6955733,71.9208,6.862713
5.814975,87.70163,7.236781
6.43191129,51.2056264,6.67590608
6.152547,60.533127,6.732793
6.0525225659999995,59.064072800000005,6.89236928
6.012261,69.819275,6.751559
5.6484036,48.814102,6.8241515
5.7338904930000005,71.8693578,6.715044186
6.078745,58.849983,6.549137
6.54815724,57.81380794,6.602810359999999
6.473410675,71.75649636,6.719420919999999
6.2683897,69.852554,7.057189
6.444240764,56.85769346000001,6.819454855
6.46332633,74.86893660000001,6.67316393
5.9170794,54.050163,7.0028977
5.97833847,67.4218733,7.242628594
6.471569445,72.55039070000001,6.88895346
6.763207,75.69738,6.6475163
5.722485573,83.8625624,7.31274845
6.0761366,63.03923,7.2118053
6.18856088,65.22211855,6.741108246
6.56020553,86.8898758,6.94834348
6.025635,71.79846,6.832988
6.11633275,60.713551269999996,7.2549731170000005
5.9884853,82.85381,7.1447186
5.48670279,83.10402210000001,6.78322969
5.872740647,77.02106884,6.820509093
5.901088923,60.44414488,6.9226612
6.0983685869999995,91.5496724,7.387116063000001
5.64415,105.64044,7.402871
5.9963055,71.85898,7.0280886
5.660416,60.03219,6.5323052
5.7366853,66.024734,6.978642
6.143792125,92.3072835,6.67253672
6.4158807,71.96693,6.6968436
6.139304,58.68946,6.6890607
5.692078917000001,85.97506324999999,7.171646703
6.197439183999999,69.00473520000001,6.477132525
5.981584,78.503494,6.216995
6.072009304000001,79.2750818,6.97074528
6.5045037,77.31689,7.0467887
6.0846686,47.293564,6.629432
6.1272195400000005,66.4941479,7.004029224
5.779205153,64.61108067,6.582584908
6.49407477,53.44811122,6.89066743
6.305411,62.487854,6.5182934
6.065905,74.08868,7.002365
5.757689,58.30297,6.72154
6.3502846,96.371155,7.5433803
6.028940783,85.1896721,7.07013534
6.22070716,51.07211652,6.64719784
6.3871374,84.62493,6.648038
6.265207255000001,77.29811790000001,7.210369194
6.0221033,63.30487,7.131799
5.2742750449999996,76.44318319999999,7.417762493000001
6.036361,69.745285,6.8866696
5.796253044,74.7073063,6.675331996000001
6.074027284,74.222476,6.92373382
6.630147,41.942528,6.78932
6.3004823,77.8402,6.7601695
6.210154983,89.5682241,7.374438745000001
6.0124283,69.248825,6.5300336
6.5719154699999995,57.8860189,6.7958956960000005
6.1260034999999995,62.12974095,6.928654035
5.8014274,74.95111,7.1225705
5.72001178,82.59738994,6.7210907529999995
6.0239196,90.43699,7.400604
5.8868479229999995,94.1396457,7.891155755000001
6.2788014,76.38249,7.0698543
6.2076874,54.805702,7.0139327
6.255326,66.51527,6.903568
6.3157096,55.363075,6.669422
6.2437,83.20969,6.64334
6.38832474,54.69828215,6.69887045
6.3488026,56.838577,6.682517
6.309119126,96.38493629999999,7.495570570000001
6.2204776,93.46317,6.8231864
6.4434433,76.87948,6.6715956
6.070819,62.579506,7.023373
5.742263,57.938377,6.4752455
5.727784134,84.78569836,7.223321535
5.7991405,66.90365,7.0706606
6.28270197,69.6601444,6.71991178
6.074437,59.810066,6.9627914
5.648927576,67.9063198,6.891463007
5.9315906,63.051544,6.7961655
5.766407,80.2871,6.358352
6.76638289,72.13771985,6.96715675
6.30425941,62.507019379999996,6.77758884
5.60072977,67.93089309999999,7.05630844
5.853078674,64.3144568,6.902072855
5.74234793,90.9316332,6.8621020040000005
5.792772,62.793655,6.591567
5.7576437,89.95742,7.7031717
6.299487,60.610184,6.657694
5.7834973,69.29042,6.791603
5.7447433,67.41703,6.8116155
6.014374259999999,79.94547940000001,7.1018639850000005
6.588834687,70.69328854999999,7.055819095
6.1180267,63.65075,7.2693944
5.996684716,57.8435989,6.75730097
5.8761092999999995,61.69261295,7.459800915000001
6.614341934,67.4932904,6.8893083740000005
6.670183,70.08788,6.641297
6.198854,56.89859,6.6559734
6.342076,40.498627,6.5542164
5.635363074,78.7735259,6.888901344
6.10376128,59.967487500000004,6.55704726
6.036020883,52.303231780000004,6.6325369830000005
6.013461,49.162804,6.4832244
5.9127674,69.63324,6.6954784
5.6617637,72.76601,7.0118484
6.102438,55.464333,6.6670794
6.205142454,62.26035213,7.027122167
5.741354090000001,87.99961330000001,7.066350870000001
5.994707,99.14653,7.29137
5.523757266,82.86747,6.996074464
6.04718,61.877808,6.8623466
6.437572946,63.60706795,6.6909220529999995
5.8832026,89.14943,6.928641
6.1435776,63.225655,6.7083616
5.794138306,93.6500987,7.479106055
6.204472,67.87624,6.630418
6.291391,82.89765,7.0068026
6.2516704,63.348846,6.049134
6.176627023000001,79.3282482,7.42531901
6.229460123,56.99487873,7.01837991
6.308511,79.972176,6.6501966
6.164027,71.46105,6.6999025
6.0419936,72.27783,6.8582344
5.86856662,75.68165834999999,6.81908166
6.4709816,72.04292,6.945255
6.0955663,68.21744,7.139711
6.035973615,71.18145185,6.803744406000001
5.656989,64.411835,6.6354527
6.136165413,73.79213116,6.63259728
6.02616399,56.692784700000004,6.50068724
5.9165387,100.1643,6.618701
6.0803795,64.75853,6.752227
6.460389452,90.0262894,7.046507804
5.722201,70.28479,7.0172915
6.432694746999999,71.95695914,6.7325297100000006
6.109618,51.900642,6.874222
6.349720924,63.2783887,6.725320734
6.435036,44.349693,6.5236006
6.276140000000001,48.87339803,6.7250967159999995
6.297746930000001,84.89862443999999,7.032858563
6.00060695,76.4887645,7.357061897
6.3987074,56.13114,6.993827
5.716636965999999,67.55128459999999,6.999714504000001
6.6001745629999995,66.426892,6.885611067
5.945653,65.21251,7.0091314
6.061470863,76.9707971,6.8581427029999995
6.3350237069999995,59.94317478,6.708502517
5.728431443,74.7940552,7.03907885
5.9925046,76.72477,7.2921047
5.969227967,53.30923218,6.814478383
5.4308167,78.324104,6.809601
6.4802647,61.24253,6.930301
6.001812,56.627373,6.988914
6.140245,77.62861,6.661411
6.0541344,79.98588,7.03631
6.2691584,72.687035,6.87939
6.27810041,49.56168576,6.866872234000001
5.7090883,78.11327,6.9901075
6.0635986299999995,59.13571917,7.01890612
5.840795357,76.1764725,7.361286626
6.023544,81.35709,7.5160275
6.190647,87.01938,7.1441813
5.727975,62.016304,7.331202
6.108914704,76.9149744,7.094491086
6.1969643,58.97834,6.47636
5.698057107,95.0159621,7.61684228
6.0220985,63.72937,7.0285153
6.3267813,67.205246,6.9268293
5.969944057,68.60005345,7.28646926
5.6283536,71.61171,6.8222575
5.9976729,71.3289068,6.870081610000001
6.412688364,70.55147950000001,7.22776402
6.30568,48.28631,6.5343595
6.406766,71.850525,6.817077
6.170723977,61.36303278,7.222426675
5.962049,52.30652,6.6602836
6.0563855129999995,72.6973356,6.65588889
6.141472256,74.78958594999999,6.6719893
6.493737,72.87558,7.1565285
5.8998356,68.065956,7.089258
5.885650770000001,77.30766240000001,7.124078430000001
6.3248053,54.7248,6.5677032
6.084853777,64.19941174,7.602746215
6.1824034150000005,47.54753467,6.919204475
5.5951614,62.33439,7.135703
6.7015886,73.98787,6.7893543
6.012175,81.36915,7.144513
6.189189,62.499496,6.8556905
5.920265,78.88133,7.338561
5.844310056,73.85275539999999,6.959775468
5.482263840000001,91.3735688,7.038188030000001
5.8841825,72.5803,6.7302914
6.2044897,95.109566,7.214576
6.054886774000001,74.1516245,6.74215299
6.066542,66.0896,6.9539824
5.89240868,69.4431863,6.769889610000001
6.255577107000001,103.8312724,6.673755184
5.8382883,77.11127,7.003676
6.054193,66.4933,7.029554
5.713397694,71.56842830000001,6.581520974000001
6.107386,53.69577,6.928691
6.12211096,61.26049354,7.083600054000001
6.49553018,100.6514389,7.47393132
5.915705340000001,89.9535391,7.01858696
6.109033,105.140236,7.4538755
6.092884994,63.11637763,7.33466848
6.0382533,60.805443,7.0853624
6.4151968,76.7189637,7.115515044
6.476851745,64.87076985,6.621237608
6.5257817000000005,48.552734140000005,6.872401075
5.677419777,112.7798623,7.32069816
6.249036,53.435547,7.196276
6.3340917,77.67651,6.8100986
6.46588,49.93315,6.7560086
6.1507397,52.200783,6.907087
6.06126,70.61312,6.728641
5.944512964,74.8922979,7.191536027
6.086135265,89.63676775,7.22171311
6.121373357,78.6830501,6.94160779
6.0292087,65.7378,6.4222116
6.2732034,65.70035,6.7782607
6.234626273,73.5486848,7.0261963
6.023126,82.93666,6.7430816
5.9496565,90.319176,6.8609095
6.16097071,73.44761006,7.27225351
5.784280403,91.08373415,6.968331582
6.505170629999999,75.06214354000001,6.687680357
6.0398936,85.653244,6.84806
5.859393497,79.2085228,6.743110773
5.9861345,78.52631,6.8002005
6.295113,51.452072,6.949166
5.9771004,90.20741,7.2739544
6.119702716,82.5777111,6.61467988
5.967613,76.52647,6.8446507
5.7176695,83.23083,6.966024
6.1626973,63.726013,6.673703
5.853841,73.67171,6.2398753
6.265360977,85.21886513999999,7.087981737
6.2390523,70.13085,7.1313176
5.813306,81.38871,6.9043827
6.097361,65.22991,6.996853
6.3808923,54.673523,6.619701
6.585033855,82.7210099,7.029206605000001
6.229193786000001,70.858469,7.0752052370000005
5.90006044,82.6643489,6.9132060850000006
6.286393116,93.67998864,7.09898397
6.3020115,66.13788,6.9902544
6.050254,68.074745,6.5157666
6.44267,62.496475,6.718603
5.6467075,52.82876,6.894738
6.25897909,55.849088269999996,7.067892534
5.6408534,84.22375,7.1095877
6.397708044,78.9676984,7.372070194
6.515801,71.72879,6.587401
5.719316,75.73013,7.557438
6.004654,66.48243,6.73007
5.8651395,87.47378,6.593618
5.89254503,71.6680446,7.005890249999999
5.814855,80.36244,7.3248076
6.23531782,50.6836584,6.828019756
6.118526,75.63311,7.107119
6.3725367,74.136505,7.2897053
6.729514557000001,93.98588936,7.104858129999999
6.3019470150000005,58.71390176,7.230196100000001
5.942192,62.565567,6.9068937
6.1954212040000005,56.91725114,7.381036267
6.728534453000001,80.6963033,7.20476935
5.722945,69.639725,7.53049
6.0265017,58.673035,6.8095975
5.333983,85.362114,7.336036
6.245099,62.36207,7.032154
5.710265785,76.9307304,7.359068767
5.9467397,84.408134,6.874139
6.048829,82.32668,6.477742
6.116819772,76.789896,6.997322824
5.8733535,78.519424,6.9305105
5.880770045999999,55.92477363,6.81268028
6.672137467,51.43155633,6.93826065
6.358294915,84.0734201,7.607877722
5.8695345,66.172165,6.763506
6.13682,53.257294,6.680049
5.92510137,64.0862473,7.06394707
5.4477024,93.88916,7.5002837
6.341723845,78.2426598,6.78336806
5.934454,72.0333,6.43913
6.651932,71.191925,6.9157586
6.27107384,46.6795336,6.767967883
5.803626,86.58898,6.8019786
6.0229826,72.33828,6.6517477
5.8044076,65.09535,6.4835353
6.1517477,55.586098,6.673647
6.238481544,59.193264930000005,6.97467317
5.926980576,89.4572251,7.28150107
5.9843097,58.76783,6.610587
5.923823114,91.216837,7.85443367
5.7980475,86.979256,7.4480734
6.3025126,66.41084,7.018974
6.3874063,71.29281,7.48381
6.44940449,65.4592615,6.834920177000001
5.9477844,84.34131,7.056316
6.2887444,86.96406,7.0409226
5.7572928999999995,74.3102854,7.4143137470000005
5.766323714,87.7007745,7.585103636
6.291593,85.200836,7.7046304
5.9681234,67.11502,6.8718863
6.07400567,52.857262229999996,6.730805640000001
6.451552962,64.77803164999999,6.712676645
5.986576,82.064156,7.2978325
6.1966186599999995,69.7579225,6.783599754
5.483826,97.13467,6.6439023
5.988833582,79.73724770000001,6.38243644
6.245215,70.24428,7.138233
6.411413542,66.17608274000001,7.0203817299999995
6.252072912,80.58201170000001,7.25977698
5.6194468,76.62049,6.462532
6.267034,74.180016,6.8433967
6.0495535700000005,58.95918127,6.5354342700000005
6.381282,59.33145,6.8514853
5.910540200000001,83.1431495,7.465165025
6.140385,60.181343,6.749997
5.64886031,83.42100555,6.997097493
5.7262573,72.06184,6.9333797
6.1319323,62.542183,6.545518
6.216298,55.973557,6.894817
6.1543875,58.420357,6.480749
6.202088,74.99647,6.6723924
6.193805810000001,65.5005402,7.294743584
6.146738,70.718994,6.7343445
5.984287774,95.6449396,7.13039598
6.3931232499999995,65.26830079999999,6.859044330000001
6.1837726,94.90822,7.176071
6.133543554,77.73637710000001,7.04306229
6.1269097,85.102486,7.2445297
6.447791,64.65344,6.058762
6.0360203,67.94269,6.588204
5.946377,75.55185,6.9847484
6.50771078,64.6771377,6.992666724
6.166334,67.91224,6.689035
6.332742,70.04671,6.5406075
5.8568716,95.43869,7.267635
6.0368285,75.46665,7.25636
5.8101015,71.41017,6.794635
6.278643083,65.48973724,6.639814033
5.603191847000001,68.2243789,6.85513462
5.808305273,88.76426814,7.473308149999999
5.891873885000001,64.73281496000001,7.025141860000001
6.153366016,84.3768847,7.512576748
5.867899616,67.9970986,7.08248865
5.89347726,79.79096960000001,7.142334786
6.432165507000001,51.834671570000005,6.64387999
6.14175647,68.7653551,6.993947707
6.276958504,63.831279869999996,6.87718999
6.1140695,78.33782,7.0372624
5.9564347,74.90744,7.308027
6.1274767,67.11739,7.210205
6.055215,78.85978,7.457046
5.999427977,66.58987570000001,6.536884327
6.130865,71.9184,6.571184
6.2603283,85.6815,6.826522
6.319441729999999,69.7725877,7.104459887
5.7385178,86.08482,6.6304264
6.135532850000001,73.2476341,6.962133414
6.169138,72.78791,6.52385
5.508818356,71.8248572,6.921604336000001
6.0177135,64.292076,6.861594
6.39937414,61.38836156,7.275891227
5.800804,61.28842,7.0803566
6.531834,74.32068,6.8162484
6.1370435,55.374054,6.7163444
6.0352263,64.118034,6.9986353
5.4212866,89.78862,7.599536
5.960341,67.837395,6.343377
5.813001874,90.64022800000001,7.543133086
6.4433274,79.408195,6.9918914
5.626402354,61.69099493,6.629116113
6.072280893,95.99487026,7.500816813
6.2120967,61.564995,7.305932
6.367356837,58.800721360000004,7.09559744
6.1706853,49.287186,7.0408044
5.701135,124.62239,7.568564
5.6764717,66.57895,7.135579
6.23334933,73.35545766,7.117296583
5.939022604,73.3344234,7.129215795
6.18945675,90.0456511,7.281881436
5.8160777,77.46701,6.775544
6.459265,87.53938,7.4760914
6.3643656,95.939316,7.367975
5.729275,66.35898,6.8562617
6.1131086,59.98374,6.963077
6.386576,63.546135,6.7878866
6.6121917,76.33337,7.0024314
6.1588986949999995,77.3285795,6.492205765
5.663869314,78.5423066,6.416883197
6.219172,53.693863,6.9357743
5.769414,58.29429,6.554981
6.66544349,59.745300629999996,6.664346024
5.924896,59.103127,6.8685975
6.215262856,89.11200305999999,7.81034515
6.154113416,48.79450794,6.83146426
5.953735173,68.569809,6.6486052749999995
6.533933107,79.43676260000001,6.839304183
6.1837687,54.431442,6.4603224
5.9867973,61.419144,7.336041
6.1292286,77.93554,6.6382256
5.896967,98.1009,7.675703
6.530031073,62.368611,7.12086663
5.9959273,82.376175,6.5569654
5.95209362,77.4629701,7.147173393
5.884895289999999,85.9784417,6.867871124
5.95337733,100.67164899999999,7.5440031
6.166808106,56.86816615,6.749050886
6.3661714,52.3102735,6.839412556
6.2558491,63.883217099999996,7.2170125700000005
6.329668,70.23514,6.4819994
6.1469798870000005,87.70342575000001,6.63060051
4.966446,102.54575,6.884998
6.035695,73.72835,7.435908
6.2232914,53.91973,6.4043446
6.238865,49.55532,6.8973722
6.323990770000001,76.5734732,6.792409277
6.616941,65.25219,6.9443283
5.603934,91.19468,6.7205334
6.07667207,57.677817499999996,6.451344902
6.38270005,63.699959670000005,6.8255856559999994
6.172115353000001,51.4650146,7.329486675
6.226295995,89.1439433,7.398459777
5.6877623,59.768913,6.8250275
6.012562825,73.7021442,6.740157533
6.28215,39.927734,7.302105
6.110329714000001,65.48180470000001,6.94607805
5.6907263,71.75492,6.816144
5.7714767,75.61181,7.296843
5.7824235,67.82089,6.7442894
6.532752,71.88917,6.701273
5.953622053,56.57730736,6.58119232
6.135056,81.9848,6.849703
5.997738549999999,81.79572870000001,7.05159275
5.247809,109.47204,7.0997815
6.3271756,76.30614,6.557823
5.9824204,75.89937,7.2671704
5.7826767,70.07754,7.1014266
6.3090084300000004,45.30638103,6.91652545
6.327413,75.61774,7.26301
5.90301368,81.10773689999999,7.24261203
6.12376029,86.2832698,6.856490747
6.030789184,62.86606630000001,6.867716189999999
6.517832495,72.9481287,6.6863605900000005
6.2808003,60.950478,6.9198885
6.399548264,45.368420279999995,6.893682785
5.950948583,104.8711482,7.307000035000001
6.179234944,68.30790590000001,6.92680018
6.157714874,60.2436518,7.024224780000001
6.36431704,66.3173474,7.069876275
6.2763014,80.393936,6.5172725
5.8924932,51.081314,6.6258287
6.3153043659999994,64.43493667,6.942125516
6.0511503,78.568405,7.3759775
5.862573,64.84553,6.9159184
5.6464415,94.354225,7.786426
6.0054696960000005,79.86767304,7.069432379999999
5.809073580000001,83.8763792,6.905804805
6.002467,118.96547,7.331777
6.0728254,83.816345,6.883496
5.99634778,51.87835508,6.503708453
6.30932052,71.1174532,6.671903955
6.377558,62.946175,6.4736624
5.957129076,84.2321618,6.9238631
6.445316717000001,59.0896561,6.672253516
6.1946425,66.80697,6.742784
5.794141235,66.9377702,7.104584117
5.9093676,63.9989,6.410878
6.0755205,71.320656,6.8740726
5.943973,60.11685,7.12596
6.45473729,77.82780836,6.81791713
6.1465077,64.993614,7.232854
6.2664714,103.6384,7.080349
5.456991,91.529884,7.072406
6.1163354,90.33768,6.2396855
5.9550753,70.87772,7.0796905
5.801033,59.071045,7.1089306
6.3605537,78.33668,6.6370606
6.373347046,72.1997187,6.938881800000001
4.8766623,80.55604,7.3824463
6.2254367,57.02159,6.7387085
6.2312946,48.67267,6.7466073
6.4010215,55.183746,6.635047
6.013770279999999,94.5234154,7.2134694900000005
5.931006,69.863014,7.0616274
6.056636,53.73973,7.092694
5.9074783,59.88511,6.9169283
5.896682798,74.2744304,6.774511875
6.3167353,63.187958,6.770045
6.226128,69.985275,6.864352
5.6823125,55.98726,6.816616
6.13032327,78.91736,7.414990749999999
6.265434606,68.11770775,6.46671892
6.302436865000001,69.11863896,6.495029927
5.836908,85.52913,7.0894437
6.249872526000001,59.599254630000004,7.026162970000001
5.679202,71.71553,6.702797
6.1478497999999995,52.58834165,6.57350218
6.1241927,52.49208,6.7550454
6.03190584,73.4526742,6.892287066
6.0491905,61.46955,7.056078
6.2694526,56.2714,6.893152
5.585142439999999,92.99073030000001,6.971415314
5.874216863,53.7866915,6.827600707
6.14441782,66.12418489999999,7.318366373
6.0718307,74.881454,7.490585
6.368309,78.12275,6.7598624
6.0887345,54.0713802,7.012712497
6.100617655000001,60.271830800000004,6.63283564
6.1376915,68.73515,6.868789
6.285812265000001,68.52216729999999,6.666816686
6.208280524,61.77255142,7.15454205
5.91485896,77.7206716,7.487396943
6.083435,87.60989,6.527649
6.14326945,66.47752329999999,6.54804917
6.1419415,76.82885,6.727038
6.3532534,75.44928,6.8322787
5.7976093,70.232605,6.958735
5.8736134,77.65728,7.0575123
6.2264543,67.57282,6.7559924
6.050166,100.54126,7.151181
6.6189566,77.586136,6.706542
5.787238895000001,86.9157722,6.740430637
5.718202,87.29661,6.931832
6.0065136,70.08772,7.239068
6.152882,49.569977,6.5573373
6.15010816,74.96397356,7.109605837
5.894,55.295067,6.7642555
6.456106849999999,57.86191424,6.665339157
6.333442,64.8997,7.0514493
6.126596,73.358665,7.0948944
6.471703,74.32079,6.3296156
6.1870294,77.09966,6.428051
6.7996173,69.38614,7.23182
5.82447305,68.75325025,7.2354188100000005
5.585391909999999,73.0020425,7.13516116
5.9552975,67.94176,6.5418534
6.0078263,82.156494,6.0218062
6.334199244000001,70.6320169,6.622961274
6.2285547,56.914124,6.91084
5.8072524,75.801155,7.4587874
6.693506,83.59821,6.749428
5.9680033,61.369225,7.019995
6.436917456000001,75.1585945,6.828923706
6.563982,86.3004,7.160225
6.396624415,73.8533917,7.257733245
5.893636,62.796318,6.008053
6.703485,88.376595,7.4743485
6.082884,66.27438,6.361662
5.95097252,75.3197097,7.257615176
5.79732627,86.5476979,6.604461305999999
5.47145886,63.204984929999995,6.880979913999999
5.865057,67.11031,6.675208
6.3760514,60.33436,7.0045094
5.689916,57.53485,6.7396364
6.015008,77.10921,6.614528
5.9338374,84.33961,6.9139814
6.072955,81.87473,7.180405
6.454518726,62.291036940000005,6.52427377
6.1030135,55.701088,6.524143
6.374734483,53.268715019999995,6.677886387
5.538359543,83.57961089999999,7.541409925
6.48324454,64.56171793,6.673468647000001
6.093037,68.59713,6.465132
6.176172927,34.84489193,6.619073683
6.193927,81.28547,6.53757
5.6096581699999994,56.53534186,6.7993468660000005
5.412566,74.21154,6.951997
5.407918,77.71065,6.797674
6.2111044,61.767136,6.644927
5.887508,84.633675,6.5919967
6.456393,70.43407,6.6869955
6.173094,85.69582,7.382383
5.896054,72.800064,6.9939833
6.128915,60.82663,6.939579
6.122705,79.26742,6.2544327
5.896368,52.42984,6.433279
6.15230491,60.7765076,6.943341556
6.3303943,69.05481,7.160968
6.4633093,88.82363,7.3258696
6.20304024,96.81968069999999,7.78239946
6.21948,67.75142,7.0398974
6.031332,70.55897,6.948036
5.9813547,54.132057,6.8290467
6.237032,61.056274,6.523748
6.152208152,67.39808174,7.061673964
6.04698817,69.8709718,6.608584833
5.6691685,90.70194,7.299591
6.153669824,73.81154740000001,6.96632047
6.17449461,70.2018882,6.8797981130000005
6.28191215,73.01152135,7.177954860000001
6.0429177,84.67442,6.802455
5.771631466,66.65708716,6.692970333
6.360021,80.3185,7.081295
6.147782,53.121025,7.02012
6.227586,65.3332,6.737626
5.45228401,74.1668553,7.290530975
6.002169723,85.30477675,6.8560113
6.3832784,93.7118,6.499701
6.0199833,67.44993,7.1364403
6.1290054,71.74015,7.1279206
6.1092773949999994,86.3018639,7.037745650000001
6.317726,67.374985,7.268203
6.3586936629999995,64.26769986,6.7338114
6.343504273,59.834625030000005,6.950771823
5.491761,95.43923,6.9136467
6.3273873,67.94994,6.6295347
5.800003375999999,80.60621736,6.740784137
5.617081367000001,95.2818446,7.480142819999999
6.4147463,51.769302,6.730658
6.359935256,59.00729565,6.887539864
6.0784454,73.83841,6.8641615
6.15494505,59.924512,7.137143083
6.045052,76.71515,7.164229
5.827564155,90.84619124000001,6.950793437
6.11140698,54.847380369999996,6.755947974000001
6.2942133,76.16621,7.244388
6.091616,63.235397,6.8340144
6.036576585,62.8712981,6.618260734000001
6.196671483,60.007932950000004,7.29600063
5.473328875,92.9769943,7.09110092
6.389234,71.31839,6.214359
5.805970456000001,77.0086115,7.2076660299999995
5.842188,63.233482,6.569725
5.9732165,54.82727,7.2658067
5.804768,68.33859,6.9609313
6.1473823,72.67682,6.905547
6.0671406999999995,66.0026617,6.83868071
5.984161,67.66977,6.7190194
5.90235011,77.8885336,7.1713760230000005
6.197037,71.65183,7.333427
5.709005,64.69741,6.7443304
6.532418,71.69886,7.148923
6.265009,47.665833,6.733619
5.934928,94.298035,7.665285
6.3080244,97.21318,6.8604245
6.4425974,49.67547,6.70801
6.0973291960000005,71.2031921,6.95615987
6.15091515,76.10835305,7.53019135
5.860079,61.214325,6.538294
5.792567857000001,74.0303033,7.153925546
5.9372769199999995,71.24372845,6.818165085
6.2742179700000005,60.56143315,7.239871395000001
6.0825744,73.205055,7.2739134
6.0701494,67.35372,7.1468506
6.349300966,84.01735500000001,6.7065414
5.831482,67.204956,6.3811054
6.232006,55.201218,6.908167
6.079162124,72.3123135,7.2002328339999995
5.699179,87.72205,6.859394
6.103496155,66.61717196,6.826047024
5.507597,73.443924,7.3336835
6.302352,68.18276,6.325481
5.7866697,64.497635,6.5187397
6.502178000000001,74.56813234,6.948477406
6.2293377,66.06551,7.008164
5.72799785,119.76563234000001,6.97136946
5.99714,70.931404,6.8113017
5.473316,76.42817,6.9259377
6.3741580760000005,72.3006884,6.56310827
6.353123,73.352295,7.0461564
5.877855388,70.0436515,6.81287319
6.2375168930000005,115.691157,7.608590075
6.0633492,67.356285,7.0135136
6.517952,62.463074,6.60999
5.6861753660000005,73.81641155999999,6.59380823
6.5950985,55.845406,6.905307
5.9806128,85.46356,7.0937824
5.8242326,70.06944,6.7691565
5.9042,99.64027,7.6177697
6.040284497,75.05453419999999,7.47968832
6.410307,65.82242,6.8699284
5.792673806,69.29320129999999,6.69669693
6.3734436,64.0294,6.9767737
6.30228789,93.7095574,7.595707626
6.138651,78.759705,6.1124105
5.809343,70.64298,6.982769
5.978759842,100.5878594,7.632633226
6.1719875,53.198624,6.876094
5.886489,79.7003,6.9302483
6.051903234,106.33352316,7.43201127
5.73240549,86.4629791,6.40037707
6.024842,93.46721,6.8945894
5.628859987,78.7722432,6.79013001
6.26329,70.52374,6.652972
5.814656,56.26301,7.237263
5.0636587,105.311935,7.6152534
6.746321563,67.2102177,6.945806966
6.178078,55.02797,6.7476125
6.53264,65.532196,6.461325
6.0756183,67.93763,6.844109
5.98824253,57.769384099999996,7.12639133
5.534061690000001,101.6145648,7.43926509
6.291548560000001,45.89563523,6.881363814999999
5.771095,62.36312,6.815858
6.278804986,80.48175506,6.675689333999999
6.4233913,48.810936,6.7621117
5.756597,58.631615,7.2091274
6.464095445,61.3242811,6.807407474
5.8231410619999995,77.4371848,7.1569004
6.315865,84.58216,7.245193
6.267118,66.36722,6.5198402
6.08457532,69.7534785,6.661733356
6.07721646,70.1723053,7.182673984
5.970851946,77.1785541,6.9801403
6.2588887,65.59449,7.1251407
6.030583750000001,82.56855545,7.192568550000001
6.606352,65.35086,7.0571394
5.9940763,97.56655,7.1823134
6.3146734,76.567276,6.8664403
5.938449,53.381668,6.4217734
6.5160336,43.919205,6.7383714
6.1768017,61.655457,6.6111665
5.982344,95.28621,6.807377
6.0640173,58.097664,7.221351
6.196891057,66.9424768,6.723222863
6.0406747,59.05465,6.8722625
5.9479585,65.11285,6.619884
6.139544873,60.2314207,6.772007984
6.220362,61.3366,6.8311124
6.026748477,59.62945262,6.6012100149999995
5.590741,85.503006,7.039841
6.106873,56.923363,6.394413
6.041787,56.82673,6.4458656
6.061788205,50.2293604,6.92654364
6.205713104,72.0259987,7.193339685
5.6113043,90.56755,7.057491
6.142230766,49.62728425,6.940520322999999
6.5629683,73.096466,6.921028
5.76845441,61.749272940000004,6.86111382
6.63880878,66.5029854,6.755997059999999
5.99124,71.57711,6.9537396
5.99493,100.20373,7.7094293
6.035919277,72.5468961,6.8912603
6.530294,91.41371,6.745957
5.419904,92.38153,7.34861
5.9673004,68.02041,7.1961565
5.844856,68.88973,7.0777574
5.5814721,66.3385675,6.687167883
6.186863,51.094055,6.948275
6.0147014,45.917633,6.8300233
5.92241073,72.50690010000001,6.44200927
5.755571,96.5264,7.2109895
6.423616463,84.6131439,6.791023254
5.555235,67.29065,6.8348746
5.9290686,64.010315,6.5407057
5.469274,85.992256,6.848418
6.599323537,68.52243999999999,6.88446603
6.1045847,63.371613,6.714965
6.040921,61.22798,6.997145
6.132021,43.178238,6.9305806
6.4487104,66.8157,6.852109
6.015451929999999,63.21005513,7.090315544
6.38333534,68.53345304000001,7.04631449
5.676276,60.61483,6.8288727
6.243158955,71.32233169999999,6.761742647
5.801150534,76.1485763,7.10024748
6.113048,72.2828,6.79675
5.8872986,59.274963,7.066982
5.9140086,88.76962,6.7683005
6.2171063,73.31884,6.4597287
5.840377,69.515396,7.281253
6.4865212,53.37535,6.625131
5.7941694,56.811737,7.278159
6.139811,57.748245,7.0336103
6.155542364,71.5936581,7.19750745
5.844291269999999,74.6673709,7.297585623
6.3396770799999995,77.15641894,6.740211467
5.701783,50.452087,7.0595865
6.118475,67.31466,6.8913717
6.41634,59.3208,6.558947
6.181954,77.79401,6.2870917
6.4931912,64.74888,6.886746
6.357019184,75.38036626,6.75867861
6.191738340000001,52.120029900000006,6.725406887
5.6609927330000005,81.36323155,7.7071282
5.93606,108.96688,7.377785
6.0984354,56.062218,6.7634964
6.012163067,98.6996038,6.76167629
5.902179824,75.72416419999999,7.110324856
6.167585907,60.08598474,6.90638
6.255251,76.94246,7.0386605
6.346752736,53.78226063,6.85329844
5.885626,76.922386,7.328293
6.0666407499999995,66.6898758,6.97025846
5.6519384,72.17918,7.185535
6.170775083,80.44187824000001,6.913900056
6.0982094,54.77157,6.868252
5.991184,76.527756,7.085334
6.1318965,65.413704,6.8547873
6.1865516,76.06422,6.6419754
6.0881147,58.731888,6.3890066
6.476931,50.914513,6.4854784
5.9613695,60.50634,6.75173
6.10542778,66.8520515,6.983146767
6.163649230000001,62.66130294,6.893649556000001
6.4863906,53.955963,6.703939
6.3675623,75.7847,6.7474933
5.9719179,62.6436643,7.144033404
6.4060965,81.60292,6.789026
6.203169722,58.28407,6.82756364
6.226164,71.02512,6.8885546
6.1715865,64.35001,6.5548944
5.661439860000001,73.53745764,7.071804567
6.100143,66.66915,7.0680127
5.881907,54.489906,6.500824
6.2303576,79.64641,6.863605
6.0982447,80.88566,6.735151
6.369288,56.294044,7.141735
6.217361,78.70588,7.1678205
5.6033015,47.06814,6.6219215
5.854685,65.00616,6.864643
6.094345,55.813484,6.822732
6.2397294,55.919006,6.957348
6.023406,56.48668,6.690187
6.0972805,78.749985,6.623084
6.3260605629999995,87.50148130000001,7.4072303139999995
6.1265354,70.16769,6.7608027
5.74477597,85.90244526,6.840927253
6.558025,60.52987,6.809268
5.706605,86.8572,7.5197678
6.4608912,63.495903,7.050169
6.258420964,57.25140863,6.318596663
5.878625,73.02866,6.6355686
5.9421043,88.59266,7.0918827
5.9997683,65.97235,6.673123
5.8157854,64.86704,7.036527
6.0033921260000005,56.6421736,6.845855043
5.480865,90.53028,7.1139092
6.06759621,60.13026112,7.24792564
6.233495477,87.84541155000001,7.767856975
5.362317856000001,95.2115486,7.979448945
5.6863523,77.862206,6.551701
6.35171123,72.0062128,6.937368214
5.811209,79.46446,7.4517097
6.181617433,89.61190155,7.00268451
6.0692854,83.425735,6.4809318
6.0227485,48.05372,6.779245
6.4368196,78.96433,7.1241755
5.596447,83.43271,6.3785777
6.0571766,57.969635,6.895112
6.700406,54.55497,6.7428513
6.1240015,59.787346,6.5610104
5.9026709870000005,99.0360954,6.93018671
5.925907047,58.967032,7.18563793
6.6318846,101.19119,6.566187
6.380846094,71.4264122,7.223186194999999
6.1583023,91.92838,7.253623
5.514089,86.22935,6.931265
6.161524190000001,53.762079820000004,6.5711660499999995
6.22904673,79.9029988,6.596914586
6.225578,78.60552,7.0090256
5.254991014000001,79.92944059999999,6.990976287
6.01525397,94.9031956,6.8936964199999995
6.407091146,80.8483891,7.172934554
6.156289,80.9899,7.039895
6.478072,69.49986,6.7545366
6.3271813,70.68041,7.4083867
6.4838433,91.22603,6.9885325
5.621492,78.622116,6.738988
6.421626,76.88384,6.812525
6.150726785000001,71.7876993,6.902014073
6.0896354,56.600784,6.37113
6.2983613,69.43217,6.955315
6.160323,83.67192,7.02925
5.997243650000001,63.90368273,6.668377136
6.111972580000001,78.41459614,6.53683413
6.569367,77.75473,7.356428
5.9992824,58.81151,6.9645658
6.2741737,61.795258,6.345993
6.0355883,75.805504,6.9468603
5.921046,86.70711,6.595338
6.295470895,75.2333042,6.58459602
6.4598565,80.7728,6.3972216
5.8262167,69.78364,6.6660333
6.449550535999999,76.35059650000001,7.25351296
6.2982783,76.46673,7.199012
5.552181595,74.84009706,7.81610316
6.120491,56.11847,7.159973
6.013075,57.725327,6.6741767
6.162079,74.51651,6.7927337
5.627185,103.52254,6.54197
6.6362143,72.79441,6.4111333
6.158366,59.84771,6.9739203
5.846331,68.85458,7.228589
6.069124,70.58459,7.30345
6.0714235,59.190353,6.9799314
6.18244129,103.23611980000001,6.94632146
5.579112033,95.0508172,7.059575184
6.463865266,64.8292841,6.561017166
6.1160358100000005,77.396704,7.202384235
6.2629104,97.72325,7.5671096
6.2351027,68.61927,6.6784577
5.7131715,70.63261,6.799495
6.4304705,76.79054,6.780655
5.972054957,88.6417814,7.70564451
5.8652997,94.107605,7.7124066
5.495117,60.081596,6.787139
6.3097744,58.312508,6.6466374
6.118810785,79.8337027,7.09356734
6.196475,72.79172,7.15645
6.0260177,53.369637,6.6962414
5.9916544,56.12908,6.764672
6.53608875,70.1311579,6.455657703000001
6.297764,45.95842,6.55139
5.8951244,69.23356,6.714222
6.205801277,70.2594178,7.251208443
6.381975,58.302185,6.3312416
5.5926285,75.48544,6.688656
5.8063183,63.156937,6.823198
5.891157,69.68482,6.93436
5.8671565,95.963745,7.3707957
5.8340917,76.99566,7.040932
6.3042912,65.71415,6.768558
5.84323885,91.1957078,7.162852633
5.691649263,79.4586493,7.34049214
6.0453964099999995,82.36672816,6.641505884
6.2649965,62.158386,7.219371
6.525778669999999,76.49158745,6.806796323
5.736527,49.990967,6.9703093
5.754880717,120.1367629,7.675611756
5.8641453,72.328835,6.986717
6.018032,86.13004,7.0191936
6.107410410000001,67.3715248,6.91842021
6.292176275,70.73131606000001,6.5083066800000005
6.3997703,51.1187,6.553325
5.823573543999999,95.73391050000001,7.107114975
6.476726,49.08287,6.770338
7.07828402,79.2779704,7.074622467
6.8203073,59.799843,6.4540644
6.155556807,80.0170278,7.019258004
5.9948053,67.336075,6.3672805
5.773494,56.760124,6.7026744
6.3310595,85.616684,7.053539
6.579110104,73.5498059,6.829616667
6.16622473,85.27305164,7.1019654899999995
5.9136813,68.87624805,6.739227525
5.953179,64.14973,6.809544
6.429406,68.844345,7.153346
6.1348343,73.27012,6.8447556
6.506850967,58.254204300000005,6.892466745
6.306408,75.77875,6.4471483
6.0137935,53.818146,6.8302526
5.9783688,80.59217,6.469203
6.2671294,69.42638,7.2515745
6.41545435,57.91076087,6.64453649
5.972697,76.091576,7.0863686
5.9534116699999995,93.99642265,7.06912029
5.707956016,79.26681495,6.570878503
6.6281686,73.57378,6.8203177
6.5051527,74.27796,6.5769143
6.2304907,67.54948,6.6819367
6.3332105,52.391716,6.790877
6.125482946,58.023687960000004,7.079367245
6.198158203,59.84156777,7.0101292200000005
5.504455,78.75321,6.711881
6.3028054,60.258408,6.50217
6.1046047,82.70095,7.136725
5.593857,105.1551,6.8488126
6.300221,78.28974,7.484673
6.282522,81.12016,6.2961936
6.00072,76.99751,7.14263
6.0730743,57.891487,6.7921414
6.330155204,55.2768657,7.142621828
6.00933941,73.94224544,7.13756597
6.1958265,58.019966,6.4948535
6.1896925,54.957237,7.0085073
6.092440998000001,95.1684721,7.42561292
5.773038,88.28871,7.265562
6.5359735,65.325676,6.978634
6.398810559999999,85.1774511,7.39611688
5.94360558,67.484867,7.055611035
6.0254955,65.38832,7.31816
5.9977307,65.37614,7.0570564
6.4456625,49.489586,6.8878984
5.69678178,64.29012287,6.7245106130000005
5.6059456,89.288635,7.428821
6.261661,77.23153,6.6741157
6.0403605,67.718445,7.0302544
5.897844500000001,82.73366519999999,6.8128149129999995
6.097472,88.61673,7.0896935
6.49726,80.47517,6.590725
6.285769946,54.07057725,6.742186017
6.051589,55.740517,6.374789
6.12970313,57.11121053,7.052916456
5.914572,68.32611,7.0055704
6.728667,102.57276,7.1243095
6.149598817,65.2171847,6.82999572
6.0302736800000005,63.5268285,7.140767165000001
5.65850278,64.2871161,6.88047451
6.21415125,80.8347844,7.054471553
6.33958214,67.74043739999999,7.1217827
5.7843137,83.65539,6.90966
6.096582806,96.1283054,7.208432216
6.30914175,55.0374957,7.234291649999999
5.8092533600000005,91.17616430000001,7.195284844
6.2010703,77.78199,6.545858
5.6957736,98.269875,7.414599
5.316511326,113.9982758,6.957331470000001
6.096404036,84.4036093,7.22016377
5.955392,76.07382,6.9876037
6.060006767,99.10644190000001,6.83049466
5.8551354,79.40535,7.590023
6.132442654,75.3101652,7.09159481
5.8754377,76.15811,7.3723035
5.9332457,66.88914,6.154132
6.168485514,65.8270631,6.866964245
6.068698,108.14827,6.8542795
5.654648014,76.17344250000001,7.0698212300000005
6.0223627,86.552765,7.836458
6.578110305,50.85463928,6.857873033
6.22142527,58.97595636,6.757809
6.3445587,59.68544,6.7901034
6.505482,52.670227,6.8599405
6.263452784,81.66000894,6.78043603
5.96008171,72.2049909,6.914449597
6.2419543,64.80771,6.7056255
6.125305185999999,61.74087378,6.982167673
5.703032,69.4412,7.117575
5.8532076,60.503563,6.4256577
5.9802675700000005,92.7341398,6.743517197
6.0799346,65.63555,6.6448536
6.179049,54.0017,6.8840446
5.6560893,63.344727,7.0940847
5.8310003,69.968506,7.0127544
6.438332,63.412743,6.6826262
6.328764737,82.23902174,6.987604200000001
6.3256,74.86358,7.047864
5.764709,68.97878,7.096828
6.109471,69.24177,6.8534303
5.970917394,68.9656684,7.121290527
6.24945075,59.470991700000006,6.7610770570000005
5.928638,80.61484,7.295032
5.894936407,69.91923969999999,6.6296435350000005
5.667259,100.88424,7.005818
5.969809,60.733322,6.8387756
5.93645579,76.1160038,6.829452946
6.0708456,91.08606,6.9281325
6.227906945,92.0971126,6.8376394000000005
5.578242726,72.8162126,7.1195802939999995
6.114470310000001,68.56364396,7.055860505
6.40038212,52.68702067,6.5100372140000005
6.0461933,72.70581960000001,7.201745107000001
6.08045957,63.6174457,6.9488430260000005
5.8454256,80.76477,6.9978466
6.29737121,72.4933762,6.272077376
6.400563516,58.8236524,7.304553007
6.43421005,61.00869448,6.907404645000001
6.0629478,70.882645,6.6071677
6.2211666,68.47346,6.8209515
5.63798463,84.0101537,6.739582944
6.334779994,82.50627784000001,6.6248859300000005
6.082474,56.65148,6.5437894
6.93998169,81.93174943999999,6.606831776
6.279085,68.69417,6.8969154
6.12199178,69.5077556,7.01881118
6.462449,48.645103,6.7859225
5.9846425,56.563828,6.7714357
6.820319,58.829277,6.884814
6.29265552,63.791503039999995,6.49452018
6.1074104,58.75347,6.781676
6.3433256,78.556305,6.975496
6.14973446,70.3585089,7.262484285
6.2444263,74.83437,6.883872
6.0127845,59.138382,6.4034624
6.309463,53.414795,7.0994225
5.804300724,75.2946112,7.3535474
6.3424416,82.946434,6.652184
6.268061009999999,79.61302376,6.8156436199999995
6.028135,94.686325,7.0044866
6.3829656,79.21465,6.7415314
6.2519093,63.605003,6.2794037
6.070348,71.16371,7.581054
6.0035605,85.478966,7.3291116
5.742704,68.51438,7.0582485
6.165236,69.16973,6.5252104
6.248008,55.990456,6.5508213
6.6116125100000005,58.5526694,7.061511253
5.7957063,86.123566,7.1232653
6.101719565,77.6597383,7.18605102
6.7103987,63.360733,6.944045
6.137545275000001,70.67202805000001,6.937726057000001
5.76116827,96.87751835,7.50315769
6.362561660000001,74.1778744,7.21847808
6.14061517,72.2705197,7.17468751
5.8220887,104.60536,6.6626606
6.172604193,68.94005884,7.199882263
5.9951744,65.65003,6.8166337
6.23162829,61.003000099999994,6.711529487
6.4306593,71.57226,6.8924837
5.966541063999999,100.43324860000001,7.061058975000001
6.3870425,76.56024,6.666482
6.24482798,49.712694899999995,6.658577914
6.18537332,84.2490894,7.1619201
6.2212687,113.16198,7.422183
6.005843497,85.1956614,7.396192428
6.550259454000001,70.97368979999999,7.28834988
5.915348305,75.49521134,6.717179730000001
6.245909,66.8935,6.8962226
6.2482715,56.24932,6.969809
5.8539877,52.36988,7.076085
6.40853,59.581818,6.7899923
6.150015947,90.49152166,6.883694793999999
5.515728,58.281677,7.080082
5.8435038740000005,111.03331475,7.52560292
6.5493763099999995,75.6235783,6.9010619460000004
5.899033,76.02014,7.2484775
5.838460944,94.7335863,6.665696495
6.16317655,67.6534865,6.717003384
5.7957805659999995,57.08221444,6.942779996
6.563727,76.026024,6.6086144
5.9112864,66.099304,6.9172816
6.00288349,76.8283063,6.917908140000001
5.833274594000001,96.6576161,7.400157890000001
6.599088,77.59684,6.9113436
6.2618851630000005,69.4794453,6.8602240100000005
6.146334093,90.78254205,6.943657484
6.062738,76.25216,6.9271812
6.179452,44.474297,6.5398965
5.965906,67.48963,7.3405557
6.2223363,59.124443,6.9366984
5.689308,83.01957,7.182631
6.4624648,61.0395722,6.4672421
5.7900543,61.55612,6.7901435
6.2175083,55.36979,6.6585374
5.405148,68.12924,7.099375
6.349305,60.541023,7.093006
6.109680486,74.36919466,7.114400610000001
5.859316,57.631172,6.3387938
6.23257062,83.46804024,6.50119325
6.2819777,76.81914,6.9884844
6.125132375000001,95.0497365,6.79024919
6.2911086,76.373085,6.524582
6.232556,57.138695,7.0204916
6.444849996,75.95482799999999,6.90287328
5.7852674,63.781174,6.7969503
5.981965,53.334724,6.3357153
5.754721,66.366005,6.659401
6.41654,74.4453,7.128394
6.256759412999999,59.23193177,6.846041893000001
5.718611,84.64272,7.1275597
6.6369796,65.026306,6.839551
6.08694,65.9543,6.8029647
5.99200276,61.91594617,7.277290683
5.448881,83.15251,6.626305
6.3020363999999995,56.641103,6.745965235
5.868769,60.000923,6.542424
6.145798,59.869247,6.4998407
5.920728,92.62414,6.7014203
5.82627186,78.7000383,6.700688955
6.436519919999999,66.25522836,7.0529249400000005
6.47078518,64.70594290000001,6.72976433
5.8393517,73.48052,6.966401
6.0350595,70.349335,6.5976343
5.859383397,88.0515273,7.190572386
6.6121755,57.660614,6.6580086
5.82705259,88.8118452,7.28287669
5.9802685,74.29088,7.098992
6.335989873,51.458633420000005,6.713458284
5.962757,60.556015,7.1480727
6.07414202,86.70523770000001,7.076732357
6.069994,83.98641,6.9827747
6.361171,49.454063,6.6637836
6.508258,49.28898,6.4248586
6.24092,85.89809,6.7097344
6.4799872899999995,73.5636429,7.11192207
6.13551265,88.71606184999999,6.79427909
5.9627876,86.86437,7.48775
6.0776334,60.437225,6.703741
6.3022346,78.30699,6.1854076
5.897213,86.60435,6.926805
6.054241,61.244583,6.739647
5.993696,68.617355,6.947746
5.7766466,75.130165,6.925781
5.7092075,94.98748,6.541329
6.24992747,65.80136264,6.510872787
6.226150554999999,65.15541815,6.472532177
5.670059,94.94045,7.5053587
5.49191944,76.462353,7.07916373
5.6941447,65.88745,7.0764194
6.659876,79.87068,7.094863
5.86481144,63.014146440000005,7.16311796
6.289952,79.35225,6.5348005
6.251298,65.07298,6.8102517
6.21437244,73.42247520000001,7.049423876
5.8357043,57.403214,6.6869636
5.526286,81.369415,7.016344
5.903433,77.10505,6.6500773
5.7719884,54.348145,6.6165423
6.092669460000001,85.80090390000001,7.20886692
5.871648433000001,105.15111616,7.61943697
6.258487,57.12168,6.496856
5.9125767,72.73871,6.716149
6.314257905000001,66.16015504,6.865805977
6.2550613,100.28181425000001,7.72572129
6.128513,53.429718,6.7318373
6.221905626,77.30961574,7.02971211
6.131275,57.20529,6.642336
6.0012174,61.098763,7.0624537
6.41452515,67.0410124,7.01536708
5.8477511259999995,56.89186075,6.168471576
5.69263472,61.4513795,7.054841516
6.1102172,66.21856939999999,6.5999809460000005
5.9457417,101.36481,7.64562
6.148090483,53.93353944,7.08215232
6.101009636,77.94353819999999,7.7407031250000005
5.908028,54.349525,7.005826
6.1884766,93.6628,6.662453
6.764967476000001,64.3469687,6.575352096
5.024447,116.75904009999999,7.43762586
6.0005875,72.367775,6.5214176
6.3600855,43.477913,6.5295825
5.491517460000001,94.1358077,6.8219541
6.448253494,72.1937597,7.053702034
5.8531218,110.403946,6.8152013
6.0106783,57.114105,6.726894
6.237914,75.833405,6.9673223
5.534319239999999,92.25497560000001,6.92195218
5.921182,75.33761,7.3974204
6.166165,87.86844,7.413051
6.230292868,62.2173231,6.914527165
6.412546762,53.42342278,6.8739143579999995
5.923144,76.046974,6.8185825
6.06798405,77.80674379999999,7.204144463
5.870979510000001,66.4115198,7.276653575
5.984251616,78.0961795,6.534649197
6.293973166,68.7874943,7.066055950000001
6.55248711,79.6233702,6.906749256
6.406166,69.83622,6.8675323
6.39324445,75.8407182,7.058336015
6.12852345,51.697895349999996,6.9031029539999995
6.143473,68.21434,6.6153946
6.11686704,57.38762935,6.916777647
5.836066,68.922714,6.7749577
6.0830304239999995,51.30725563000001,7.091798426
6.30416548,91.0755178,6.414384760000001
6.221546,65.02016,6.656956
6.6493254,55.39701,6.936599
6.0341036,81.3684886,6.997827117
5.696407,88.85972,7.2370825
6.0314684,54.12554,6.6445312
6.485910233,72.76863150000001,6.864140083000001
5.6962385,51.002365,7.3771815
6.2892494,78.5022,7.0548296
5.496703,60.432587,7.036358
6.286678744,75.8627362,6.42922671
5.931035,62.444115,7.345453
6.2556276,59.706062,7.084795
6.212191,82.775444,6.9662404
6.3622174,79.77358,7.2072225
5.7894964,105.09933,7.4492006
5.73471839,56.298652399999995,6.99636494
5.242923,87.217995,7.432759
5.6116343,96.479,7.596133
6.2306995,62.4225,6.679136
6.150383,57.790123,7.313753
6.21453505,75.454474,6.8883388750000005
6.5040946,92.87618,6.888331
5.747940805,61.42517,6.767120695
6.3476707249999995,84.83952529999999,7.608322324
6.31116,63.224022,7.0190578
5.680092,61.996353,7.08584
5.9644017,63.762688,6.8791013
6.554507,68.03213,6.4898596
6.067589645,69.75076665,6.80654251
5.6884747,110.39242,7.3246965
6.359308248,47.83293037,6.835545266
5.556458,66.9448,6.941489
5.7648525,71.36499,6.6525126
6.2824521970000005,66.2159434,6.562646397
6.242012706,89.70200466,7.519780573
6.2309117,66.20171,6.985518
6.309145184,62.58191896,6.40526143
6.444066640000001,64.3863688,6.536203385
6.0227838,69.293045,6.66578
6.027855,55.734734,6.832261
6.4263687,61.814713,7.1009684
6.5002975,72.51963,6.959992
6.3288617,49.591644,6.6350584
6.268448547,61.49089272,6.957466810000001
5.612955,86.572174,7.0894775
6.3360996,50.37876,6.8912597
5.6901703,66.18517,7.210115
5.558276439999999,97.7798271,8.16597423
5.6683735099999994,77.6443459,6.62577372
6.154354704999999,66.5077627,7.0552418800000005
5.959074,85.22656,7.0569973
6.186352,81.04994,6.7287016
5.7926006,55.872246,7.0466814
5.795980950000001,67.93960940000001,6.741346
5.9149594,88.31379,7.669089
5.811529,76.9113,6.8329844
6.6020865,76.07788,7.2340193
6.241177133,73.29328004,7.0710913049999995
6.3304687,52.923615,6.9304743
6.250442,81.4309,7.323533
6.213533433,49.66469566,6.935786654999999
6.258205,54.77952,6.859796
6.2719044639999995,68.9426303,7.180997586
5.989467,60.585236,6.7275605
5.609439,81.721322,6.954905955
6.08987378,74.67798599999999,7.0866145
6.0701437,64.33346,7.187383
6.142837574,63.66142413,6.59994701
5.694904,94.07578,7.634461
6.74273475,45.17489115,6.700321517
6.1739845,77.38987,7.077635
5.7736145,62.6230502,6.46061852
5.96333,70.54135,6.609609
5.972004457,61.8882752,7.031240846
6.113145,72.02232,6.727599
6.1052103,51.61965,6.978423
6.0938516,59.567696,6.4061437
5.944487916,87.8558297,6.9847909459999995
5.855992,69.55869,6.803993
6.03534287,75.91546426000001,7.248336104
6.43443629,81.16745315,7.158305309999999
6.18708022,80.76471565,6.829780893000001
5.67053895,88.14566334000001,6.7856547
6.1737566,57.734474,6.6642933
6.50975603,73.415688,6.705413533
6.30306862,78.5785353,7.60449705
5.5727024,79.56228,6.9411097
5.9989862,69.0289,7.0305986
5.9942265,73.22877,6.783723
6.285101427,76.5553235,6.6515135700000005
6.2522182,75.34347,6.734683
6.142001496,52.113202300000005,7.064133516
6.475312505,52.7739645,6.463019592999999
6.1652865,70.34498,6.732559
6.306831,76.10213,6.9166293
6.175422093,88.6479424,7.3261420600000005
6.3857718,85.38331,7.085409
5.8876853,94.48472,7.0198917
5.9824347,84.15312,7.4520435
6.013266,84.62021,6.6698112
6.042695872,68.0968058,6.9684067259999996
6.623758,73.30502,6.7858877
6.2965446,68.14804,6.6092086
6.1924777,74.9109,6.9309735
6.174754,94.72607,7.1887245
5.493888,75.97583,7.0946174
5.8673105,70.88161,6.8082056
6.10068,84.91,6.781
6.28713789,97.63976029999999,7.186154545000001
6.054255423,63.73757106,6.559045444000001
6.39347978,60.2663364,7.00287237
6.6284337,75.28356,6.8687015
6.525070054,54.44087355,6.923615044
6.08146452,73.40168940000001,7.0293283099999995
6.242035,61.150917,6.59042
6.227623236,76.21272645,7.0986983420000005
6.764079,54.76278,6.7948403
5.853822236,105.56877539999999,7.647954522
5.9143295,72.14296,6.5372157
6.264881,58.95233,6.5069914
6.350772233000001,84.33072366,7.337662827
6.288224145,62.641512999999996,6.79451341
6.086289290000001,64.80854880000001,6.503860155
6.016908,72.80058,6.7179112
6.3685746,68.67326,6.6568294
5.917672,64.3673,6.6587033
6.0161821600000005,53.9705822,6.841399226
6.24441994,72.7005676,6.966499644
6.084668,106.345634,6.9785337
6.1997676,79.45063,7.172665
6.092701,112.65931,7.522091
6.008513,58.32659,6.9930778
5.7563806,99.9373,7.504852
6.2335267,60.39361,6.9045568
5.9697843,101.75909,7.0075727
6.19208376,91.982518,6.70557483
6.2392282,71.22951,6.9743385
5.5774884,63.97017,7.263108
6.33166677,81.7508342,6.929060055
6.068991,71.45347,7.028452
6.556806,60.89469,6.8149624
6.12078786,84.76387629999999,7.543747166
6.2411075,63.796257,7.047499
6.082917,73.76555,6.7862816
5.8893447,90.75822,6.955396
6.659518426000001,52.10817755,6.7741407
6.039529,67.00965,6.6502304
5.8457394,84.33025,6.856234
6.2571487,73.48169,6.8133564
5.656820524,60.73238373,6.84741014
5.5134387,96.61378,7.6300983
6.602709,57.831116,6.7397137
5.7729206,60.921165,6.840302
5.687647,83.60391,7.023331
5.9872866,73.65964,7.039259
5.578904,89.88818,7.5233254
6.24383717,73.079156,6.676677114
6.2686806,69.66503,6.796088
5.949024,65.285614,6.6645885
6.055966,48.004723,6.6344805
6.192506,86.974,7.2690206
6.47404647,79.7746581,7.139415280000001
5.4592853,71.1814,7.04854
6.14139388,66.0113881,6.609946313
6.1409901829999995,69.5583364,7.2149350000000005
5.699851573999999,80.5766991,6.980499355
6.61006721,51.7835282,6.621932084
5.958514,73.115326,7.1014447
6.0103226,76.90464,6.757104
6.147782,62.5692,6.9089193
6.0786877,89.709656,7.3636885
6.157588,63.67514,7.395391
6.251106847,93.6189402,6.71424871
6.224174,72.16779,6.7280083
6.042571137,82.5976687,7.34768738
6.138528,59.137558,6.6495767
5.6471686,78.89758,7.3239894
5.918442,76.927216,7.402312
6.028897,72.45007,6.7762575
6.2918534,80.54709,7.0121
6.43206481,70.04725719999999,6.735660306
5.538474,82.8285,7.13619
6.336524,64.566055,7.146615
6.016715743000001,72.71081506,6.84032802
5.858844,59.7931,6.5421863
6.416199,46.297173,7.0241866
5.91125,67.025536,6.5500903
5.8333483,72.230804,7.105615
6.1044364,61.428192,6.874825
5.5764794,90.94993,7.632605
6.103889145999999,80.2424497,7.3388933100000004
5.934066130000001,74.78410670000001,6.619278915
5.879665,65.37986,6.608381
6.135287,110.17901,7.5950837
5.51416,89.67384,7.3983836
5.9576383,78.352936,7.071537
6.219071,94.628944,7.2354894
5.9991603,72.41954,6.8791513
5.998524027,92.96594894,6.730828365
5.765467,70.0169,7.324806
6.01234,71.44396,6.506477
6.4366810150000004,95.0341118,6.616682003
5.7941074,59.460884,6.713765
5.8911214,61.01632,6.84016
5.6761675,73.73167,7.1189475
5.703682706,90.37868850000001,7.6053080799999995
6.2868915,64.36015,6.662757
6.0905433,74.32625,7.061521
6.08744877,92.24576440000001,6.799808840000001
6.0737305,116.78414,7.8994637
6.349332276,71.85570664000001,6.86394283
6.2727547,92.11647,7.1576815
6.5300894,47.194527,6.8587418
5.8992338559999995,68.4729399,6.82967656
4.983258,96.36138,7.133277
6.551522257,73.09542103999999,7.115947526
5.988103,78.200455,7.293553
5.8396115,60.700897,6.944391
6.264463693,75.2944597,7.046642134
5.663268,80.280754,7.1054363
6.35049,70.97823,6.617906
5.9266915,72.326324,6.240969
5.4264545,89.81429,7.112111
5.705985,69.856316,6.9958353
6.153264,56.123505,6.741395
5.91586,99.031105,6.7228365
6.165088783,67.48860400000001,6.934606672
5.883760757,82.36341435,7.28545017
6.203679267,65.00280210000001,7.065543173000001
6.461321884,59.50752643,6.7811490899999995
6.41940547,82.0582883,6.747140774
6.233913515999999,77.1397802,6.82589209
5.2436085,98.95373,7.006941
6.2078695,78.83378,6.5557427
6.519059,52.017105,6.8155403
6.011349,69.02962,6.7490077
6.121763015,78.83091915,7.153216627
6.1409645,65.70684,7.0636787
5.895130630000001,89.2273996,7.151423574000001
5.9553485,69.44099,6.5321727
6.22704592,104.31743589999999,7.494028603
6.2515913439999995,64.2252738,6.9544327699999995
6.43737337,72.3053041,7.3354381
6.2124615,75.94748,6.972871
6.088515,67.28687,7.4117384
6.578762866,69.7896264,7.13672666
6.211299,85.542496,6.744001
6.756026956,87.8790395,7.22481583
6.145192,84.85051,7.0545983
6.19673885,77.44759386,7.573611553
6.049390252999999,73.6552297,6.588965684000001
6.1777744,66.173416,7.199441
6.5329113,79.58615,6.6971083
6.099080334,60.68049397,6.64216097
6.0722156,64.466034,6.9461627
6.422890778,67.79255946,6.794721066
5.6889086,73.02669,7.1978517
6.2376013,62.67672,6.5676665
6.60053281,84.43656055,7.288481180000001
6.445493,68.21815,7.183298
6.2719353700000005,76.5409613,6.75162376
6.4719605,48.518684,6.4350953
6.351779909999999,53.31191373,7.0827770050000005
5.74646671,79.1475491,7.312636744000001
5.9770494,68.48155,7.032492
5.8933687,79.49551,6.693228
6.02957173,71.52105929999999,6.912452423
5.99697297,85.4673514,7.092894680000001
6.445685165,53.08088936,7.041154703
6.0652137,75.427795,6.8163404
5.933851605999999,62.46649515,6.74205906
5.834095724,79.718795,7.058947165999999
6.077057486,52.57504197,6.76245702
6.3239355,75.26065,7.760785
6.3233614,60.30477,6.7508826
5.4590592,84.03284,6.824155
6.43025085,82.45150655,6.943326204
6.10115649,70.84773270000001,6.499554626
6.112647664,60.9556412,6.8284146660000005
6.04027773,77.54443669999999,6.92414893
5.5800457,85.26543,6.852165
5.706312,48.64245,6.9323883
5.9366193,61.61573,7.175224
5.9832716,68.40604,7.030692
6.599956,71.00272,6.437229
6.506364,68.87344,6.9402804
6.00148363,43.9204964,6.620944304
6.35934885,64.23945016,6.807958933999999
6.193536645,50.49937582,6.779076065000001
5.888699657,60.2240376,6.87305707
6.2334685,67.81278,6.8762703
6.16958298,49.83015184,6.616804415
5.4283967,64.05552,6.995782
6.028189444,69.07508574,6.962890005
6.2170453,70.8502,7.100855
6.1657333,70.70435,6.5097637
6.1963563,52.63134,7.0900555
5.9564104,88.826706,6.7918577
6.310816,57.68672,6.27504
6.195312326,44.9540395,6.6289380499999995
6.129801504,54.49802743,7.019375063
6.276649,77.01755,6.4575877
6.497924889999999,60.57862436,6.909263146
6.470094844999999,66.5223067,6.81966948
6.152985044,46.195617350000006,6.7969212500000005
6.2238927,64.973175,6.416704
5.9536157,84.518036,6.8689275
6.516436,50.566513,6.752629
6.094093863,58.81782874,6.99632151
6.073302,75.7622,7.0237236
6.030378720000001,66.37325595,6.928730694
6.3169947,52.069626,6.842879
5.4787574,75.927765,6.43367
6.236776,51.308495,6.4597993
6.2699227429999995,82.47699390000001,7.316168815
5.8507304,83.064514,7.064452
6.373471276,62.9495327,6.895609663
5.7271185,62.535385,7.020154
6.490226367,68.00096690000001,6.609481107
6.162182205000001,89.4203298,6.819700487
6.0040226,51.245758,6.606567
6.0520763,52.931587,6.809404
6.5809608,45.437004,6.5740843
5.9557834530000004,59.427016300000005,6.94889494
5.996745,52.032494,6.9355135
6.000575135,67.69288660000001,7.255437414
6.359000905,71.2793461,7.0782012
6.000729766,64.48155524,6.610133163
6.094042,87.63531,7.7035704
6.406585035,61.36407308,7.09998589
5.821751,80.30719,6.843071
5.9844995,73.17357,7.3128495
6.107784,91.54865,7.20264
6.076125,91.71132,7.150194
6.4741325,66.56805,7.1016307
5.6655436,92.34507,6.823665
6.07220989,67.318217,6.48305264
6.495791366,46.098526050000004,6.371180293
6.00508125,71.25041970000001,6.622868253
6.0508103,73.402954,7.046588
6.348324195,64.58822740000001,6.751057654999999
6.2060113,74.94105,6.679399
5.98841,77.5298,7.8339977
5.965851,79.19178,6.862788
6.161708,81.67666,6.9358644
5.938852116,82.66854443999999,6.51471816
6.203674924,69.90178689999999,6.73185301
6.3042517,52.996414,6.6089845
6.536893719999999,80.5935661,7.004336466000001
6.05698919,65.1280522,6.852344596
5.909568,89.174095,7.1618667
5.979385,83.0724,6.9850583
6.3064675,62.63965,6.64355
6.370620147,67.9462855,6.81197328
5.686784093,94.3743798,7.541356496
5.5254145,91.98232,7.225451
6.05670235,63.145558550000004,7.230181556
6.502654720000001,58.35803735,6.98451966
6.170026673,54.83021946,6.879018797
5.525512040000001,64.9513325,6.752924842
5.8611693,55.328102,7.1561337
5.9491396,54.141624,6.850139
5.88366006,88.3473765,6.90862725
5.939563964,96.9133683,7.127091967
5.8267179769999995,61.87398168,6.959045743
6.4248443,67.67174,6.634226
5.96153914,61.759076,7.006578363
6.232812,80.404015,6.498545
6.152479,53.972008,6.9029875
5.949501,74.98297,6.987035
5.8231215,72.591515,7.021296
5.87064722,76.09060634,7.3703118850000005
6.305231,65.729034,6.8765907
6.274149,66.23438,6.4218
5.798833,77.648056,6.8920617
6.2290707,55.360405,6.6685905
6.214633424,72.6476234,6.88118959
5.9519224,56.534943,6.818354
6.1137853,90.107414,7.379014
5.7173076,72.78596,6.4585576
6.2621313,76.36592830000001,6.66281951
5.89960594,72.39880384,6.765271284
5.981177984,56.70122224,6.462942025
6.139996,70.20621,6.883243
5.873216054,60.63889106,6.66236905
6.13249376,79.4130478,6.668910214
6.22849527,60.372682329999996,7.0480304799999995
5.991409890000001,74.50263384,7.35830248
5.6351162299999995,90.50290234,6.948410544000001
5.7991095,81.59735,7.0531836
6.294663,68.6859,7.1854525
6.1498275,69.25084,6.714788
5.641771,68.96443,7.1701574
6.05880113,79.2736779,6.825245185
6.562498533,79.8864853,6.842332567000001
6.008466,53.515144,6.704738
5.96524,59.440292,7.4081783
6.227203,59.64731,7.199121
5.8435197,71.12023,7.197997
6.154882026,91.20517149999999,7.045367817
5.9966626,77.33769,6.4704456
6.2514515,63.53109,6.7354007
5.8180213,67.67049,7.0148277
6.50153766,42.87648465,6.979820837
6.0821033,77.729866,6.9409347
6.1810102,76.495865,6.959905
6.296435546,66.58897680000001,6.745890596
5.8714046,79.51517,7.4264193
5.9016876,66.41295,6.805316
6.459644475999999,78.7176224,7.37129108
5.5744014,82.12124,7.075571
5.985388,72.39867,6.9207087
6.5655007,52.24936,6.3549128
6.3698635,78.83927,6.8745723
6.1492705,53.927032,6.2984962
6.04083,56.399513,6.8873725
6.235379,73.88162,6.9320817
5.97158359,74.8680276,6.99285014
6.146866060000001,76.14519279999999,7.35163042
6.240451347,75.1783602,7.27948814
6.2563443,50.508278,6.66669
5.8809222530000005,91.51364974,6.942360543
6.1947017,66.502754,6.978731
5.85363175,80.42194690000001,6.914553627
6.25858418,76.19666745,7.385290286
5.11761,76.383095,6.730952
5.77147027,64.6833795,6.9149044
5.812789,56.37761,6.547921
6.4165869639999995,84.36783510000001,7.06678416
5.97253097,64.83992445,6.849865854000001
6.3193016,81.344925,7.0257483
6.1987495,100.20167,6.770963
5.804279,64.34765,6.9219446
6.5146779619999995,117.10235324,7.41463927
6.017625450000001,91.59783526000001,6.604289
6.222012080000001,69.1567301,6.60549393
6.4834976,50.199135,6.927541
5.8931146,60.83201,6.904422
6.075917,67.69402,6.9395585
5.9797883,77.32119,6.7800894
5.9437428,77.0543,7.2248096
6.1719975,51.04476,6.6986513
5.8132024,60.823807,6.687817
6.1410866,60.078957,7.190181
6.30514922,83.0855694,7.42949839
6.218287,58.479225,6.5169683
6.135436,94.08412,6.517407
6.640392965,56.755007770000006,6.86959378
6.72476382,72.0263421,6.575296243
5.5228696,82.956085,7.3645687
6.1498947,53.866737,6.693224
6.084134,57.990013,6.588444
6.3396993,73.608154,6.6054244
6.090021,81.22135,6.6723113
5.972124,70.15757,7.0628223
6.1797814,79.18048,6.637882
5.741304297,91.4325427,7.22737416
6.072116,97.194496,7.369242
5.996897624,74.8336068,7.497925284
5.7274847,85.70925,7.4781537
6.0386744,104.04811,7.4018593
6.2194443,58.95784,6.8118596
6.1219764,51.58017,7.113607
5.8304977,57.28392,6.9017777
6.360105744,62.4825996,6.48816122
6.1986330039999995,47.22300147,6.875476625999999
5.909318605,67.4582939,7.5855242
5.913146,79.14532,6.8706164
6.1510572,56.373962,6.9557924
6.0956273,87.72067,6.9300723
6.276194136,64.1405853,7.147012096
5.837447,59.58123,6.9839826
5.996663,74.37989,6.9087505
5.9211817,70.8781,6.504658
6.0917177,51.30684,6.658392
5.6875095,82.28454,7.396322
5.8526273,54.178314,6.770396
6.287785,70.60162,6.8899813
6.189793686,52.7298275,6.873022730000001
6.41719357,51.29101988,6.79476288
6.1983023,61.992966,7.1976995
6.05001211,61.3377646,6.50331324
4.962323,100.86106,7.2947993
5.89465189,94.36724414999999,7.52707853
5.9285555,68.3939,6.584127
6.1485534,78.73775,7.155657
6.4071243749999995,56.17034604,6.768453794
6.2228713,83.23566,6.6250196
6.4133234,77.19526,6.3628073
5.910912284,69.59685780000001,7.35591282
6.1608176,73.13849,6.669374
5.6012177,92.00754,7.0983467
5.853832,96.952545,7.5636134
6.116574645,71.66354,7.264372177
6.27912657,58.677369049999996,6.97207343
6.39046594,99.80873530000001,7.0268528
5.8373833,83.02684,7.587406
5.976175555,52.1415025,6.876280990000001
6.127465,60.940254,6.8230734
5.892452,69.978424,6.729319
5.884072140000001,68.65500250000001,7.293718737000001
5.896416,85.34055,7.1337786
6.210303756,41.95131657,6.325300739999999
6.124757665,63.562582500000005,6.861354503
6.560734770000001,66.2312247,7.188672374
5.951619526,61.243400300000005,6.56069235
6.40558968,81.9564702,6.95428935
5.978307665,88.0173489,7.663815764000001
5.830830394,59.8766885,6.73978252
5.4769197,109.41191,7.171362
5.91706177,105.0473326,7.185304629999999
6.4459412,73.4217076,6.85940894
5.871426435,71.07740670000001,6.963086955
6.2482095,52.775307,6.554035
6.6775165,53.260803,6.8510265
6.4295816,71.2862,7.05166
5.5289726,77.97316,6.6523714
6.2686334,46.13513,6.8816566
6.3066005899999995,55.350145239999996,6.74614855
5.8045845,80.37651,7.2412167
6.029889,95.13229,6.7905927
5.9357624,65.29527,7.120671
5.975281,57.308533,6.7267566
6.737882407,62.8772167,6.595378275
6.52919752,74.0914487,6.757008373000001
6.5059295,79.12443,7.3873787
6.1541400799999995,88.5453668,6.8567296120000005
6.1733284,64.050224,6.9571323
5.574363417000001,88.21744,7.059396515
5.775619,60.602806,7.328308
6.163876985000001,68.5131682,6.760995146
6.43869243,53.178681600000004,6.805448276
6.81654757,57.41688804,6.634084404
6.132244,72.82589,6.899812
6.698106183,46.740881,6.745052094
6.671155,55.912895,6.7924585
6.4118132999999995,81.50973205,7.07034744
6.100058014,69.1654464,7.234814123
6.2055125,43.137222,6.818838
5.986668949999999,58.92160826,6.9305533399999995
5.71251,75.53835,7.2252645
6.1389465,62.742363,7.143222
6.400583716,58.67132824,6.7942861599999995
6.0292106,56.88521,6.5789776
6.0684896,61.1251,7.1457458
6.122908860000001,69.05236175,7.532536873000001
6.2151446,62.016365,6.8571715
5.8654985,72.9485,6.6072273
5.888926,71.421906,7.238123
6.026555365,55.0810873,6.996887109999999
6.2675595,86.35445,7.130089
6.1803516,61.28656164,7.0273093200000005
6.153824,62.30655,6.685142
6.1737967,73.68806,6.955577
6.251152095,75.4203663,6.8696149900000005
6.15424,116.41842,7.5609417
6.35630673,49.0345102,6.79780601
6.240369,56.650093,6.6924896
6.1282616,69.35693,6.484115
6.0331945,90.216934,6.8076262
6.496683297000001,50.14355787,6.722064595
6.670313709999999,63.89633195,6.6772395829999995
5.9758835,67.121666,7.0453625
6.367012,50.909225,6.8111663
5.693221530000001,63.21618886,6.81263382
6.2518797,42.037262,6.9986124
5.79206922,83.95112929999999,6.94044427
5.9785166,83.1301,7.5622106
5.909643724,51.97158616,6.954384794999999
6.06458944,67.54545689999999,6.8088388460000004
5.758833,54.19716,6.7392135
6.480303,54.595596,6.5333986
5.731594459999999,53.279156400000005,6.4064502
6.204983984999999,57.52258656,7.04376323
5.87494376,61.9467845,6.715890364
6.3225584,66.79837,6.947889
6.446831313000001,105.3693812,6.536284286000001
5.95420452,87.8272669,6.9660508
5.41567353,97.86668205000001,7.20589247
5.8590465,70.18163,6.569792
6.057499,67.891815,7.4162517
6.077665304,64.76308264000001,6.838774943
5.94466709,59.22670805,6.621084896
5.788762,73.890114,7.192622
6.63659688,74.68259160000001,7.432208826
6.0349307,96.2253,7.0954638
6.4995217,68.1216,6.931478
5.5312314,78.99979,6.922157
6.043563,73.40845,7.3422656
6.363552,62.182434,6.94006
6.0109916,87.84738,6.77632
6.3323174,66.96249,6.5818067
5.724755,81.18561,7.0398736
6.4289484,71.652695,6.890454
6.190299797,55.782704,7.274833555
5.977145,69.38933,6.943394
5.683163445,73.51620319999999,7.37303131
6.2129602,68.52959,6.9117546
6.0551553,87.79216,6.936626
5.99410861,66.15869054,6.85374688
6.070451,84.1271,6.533413
6.259035,69.38522,6.3905735
6.32619964,61.3399462,6.8875535999999995
6.32885695,67.26625250000001,6.529189440000001
5.915584,83.62638,7.1537952
6.1489406,53.606956,6.49497
6.405143,67.16264,7.2117124
6.03799917,57.93664414,6.999791567000001
6.271064,72.02601,7.046189
6.260444,56.203445,6.633287
6.3843884,75.13664,6.9253826
6.026419519999999,79.4446507,7.01876674
6.165945465,78.60900699999999,6.635135713
6.371683,46.162743,6.459522
5.8022341630000005,81.1837293,6.864813450000001
6.193575,74.27857,6.8610272
5.957326,85.156624,7.1385107
6.0453744,76.44389,6.5676875
6.498809,96.38345,7.9275303
5.520384,74.87859,7.163502
6.035758,72.17561,6.871846
6.2043257,52.52574,7.2542195
5.99468128,59.68676002,6.43762082
6.1280074,65.427536,6.735838
5.78268228,72.3861041,6.790909124
5.3720245,103.87027,7.044003
6.022772,84.84166,6.703666
6.240505786,74.61735569999999,6.64632015
5.8242855,67.593956,7.0585566
6.06839613,75.38864219999999,7.222828857
5.8375845,67.222015,6.984963
6.5160866,93.467834,7.251286
5.928494,62.210953,6.7177787
6.13087372,80.6965558,7.171992830000001
6.026559203000001,71.84179086,6.73764435
6.08172106,77.22422125,7.240001887
6.4451231,53.1139709,6.66969155
5.600566,87.99935,6.693771
5.990172,65.30305,7.002303
6.5148926,54.41944,6.672339
6.398864,70.12159,7.3821325
5.899528574,84.05609254000001,6.479255444
6.0163307,63.564247,7.11823
6.073553,73.47668,6.7549872
6.15789324,67.8684246,7.084119194
5.9763366499999995,73.30940065,7.2062368800000005
5.906373647000001,110.96653859999999,7.013346373
6.21662373,83.62302474,6.67665449
5.812866534,90.79564175,7.75711613
6.3067822,61.551704,6.966501
6.0084286,78.87096,6.8886504
5.7129464,65.93441,7.0112357
6.2118187,69.842094,6.9292417
5.92775363,72.04845705999999,7.347577694
6.146802127000001,61.42080983,6.383275346
6.213733110000001,56.12441326,6.673237660000001
6.3120217,76.142975,6.1833463
6.165893046,48.8892116,6.701755212
6.154294,81.33904,7.082044
6.208893,72.56056,6.9239306
5.675849,68.159615,6.3087873
6.152683,64.37776,7.018121
6.4323926,63.348366,7.2443194
6.873023336,82.0972642,7.13081715
5.923848,67.45066,6.3440857
6.20136869,105.32281010000001,7.011253754
6.2164173,66.82196,6.4344115
6.286559,64.356804,7.0918827
6.57088,83.62535,6.8392835
6.408384,64.588455,7.027771
6.6490017,61.21394264,7.0292262999999995
6.568415517,64.08670887000001,7.395901043
6.295662,67.50723,6.8693957
6.324445775,62.06519084,6.690610670000001
6.152104627,71.927857,7.02060191
6.434702627,59.375274,6.766967983
6.3302693340000005,61.7251905,6.66795334
6.287327467,77.15947015,6.666743966
6.27098294,66.83736610000001,7.0758883
5.731922104,94.67661220000001,7.414311323
5.9634852,52.4423,6.908174
6.5762014,85.54703,6.385415
5.906311027,66.2446981,7.252252076
6.11642264,92.6936792,6.8136014
6.0562353,74.08371,6.699482
6.331925027,77.6250549,7.456737383
5.766147,69.13329,6.7853565
6.036827065,82.08247779999999,7.1590854340000005
5.9282084,60.265427,6.5062184
6.0924244,62.201973,6.728721
5.957687,60.730843,6.5250173
6.050463,39.91533,6.668341
5.809175994,55.001176099999995,6.669390873
5.5495167,58.82331,6.6562605
5.8500385,71.28534,7.2135983
5.914519,68.97716,6.9458942
5.7049403,61.602753,6.6206336
6.145185925,59.4925552,6.863734164
6.60921477,53.91397473,6.805060133
6.50823699,52.79627944,6.904382624
6.0518546,47.72918,6.7744656
6.47723908,103.84540229999999,6.9194827299999995
6.186482,86.36895,6.9941106
6.2294364,71.12842,6.7534156
5.8047158340000005,90.2066047,7.65993696
5.611658475,103.4380996,7.216745223
6.309071,79.5592,6.591703
6.1319313,47.901497,6.852872
5.3687806,75.59774,7.252577
5.9454155,104.73536,6.9527993
5.767127977,53.98431214000001,6.91655878
6.271369,61.668747,6.811718
6.0128183,71.82117,6.98297
6.23104552,71.5456326,6.837205807
6.3904853,48.135857,6.7909937
5.8457193,60.12947,6.78544
6.14815684,52.800163899999994,7.056035336
6.46160731,53.358979729999994,6.99297437
6.0490413,67.192444,6.7309785
5.586630877,79.88760033999999,6.816074486
6.0622873,61.286835,6.6826096
6.220092070000001,46.6531524,6.567981116
6.1075735,62.091316,6.53305
5.77044,57.67,6.588932
6.071662066,87.9506788,6.6959667
5.94635581,67.6259943,7.011184366999999
5.7577057,69.99165,7.335261
6.1023107,76.10587,6.513529
5.9342125800000005,72.50814745,7.119692
5.6819844,90.536224,7.0248413
6.1997185,56.921577,6.698905
6.48760471,53.48125336,6.64683626
6.8720584,78.196495,7.0857534
7.0135174,78.51846,6.846226
6.34657336,58.67135046,6.808662096
6.642604966,58.3315602,6.61970261
5.790404,79.92296,7.017911
6.3011556,75.500786,7.0798025
6.258596,59.84089,6.919011
6.0883183,77.88573,7.2837267
5.7833433,97.5847,7.5338454
5.932686,101.1068,6.940712
6.03220581,63.25802306,6.94026045
6.3156176,93.23657,6.996718
6.033879683,79.18665226,7.44039932
6.22068999,74.65308950000001,6.681785997
6.25954267,88.1908265,6.7832703930000005
5.5597377,82.722305,7.0154915
6.148082807,52.2382403,7.0751382739999995
6.177553,77.85916,7.0628715
6.08192,81.26379,7.4128685
5.963538939999999,88.26504130000001,7.58741997
6.122146,65.625046,7.059906
6.0825624,72.55476,7.07809
6.119061164,73.2164049,6.813191037
6.116210136,74.9916314,6.84995534
5.781810246,90.10774590000001,7.50336272
6.217531215,60.4621451,6.6191637750000005
6.355296,70.4816,6.9265704
6.6009917,86.36446,7.0236783
6.378888815,77.837266,7.062477823
5.976933,76.35454,6.690271
5.6058154,78.59289,7.252763
6.311196797,62.88142335,6.610403842999999
6.50475855,55.665129900000004,6.567824566
6.15065,72.185776,6.8047485
6.186439274,62.062278,6.447679006
6.4442922739999995,77.66212796,7.353601637000001
6.386305043,59.51453785,6.707066599999999
6.376638333,65.7293456,7.034075613000001
5.889366,70.566864,7.1361794
5.76046632,60.0817387,7.069252095
6.22944063,52.79910744,6.86663246
6.23729944,95.2544332,7.37185567
5.835988,49.799034,6.4701767
5.7334493250000005,86.553263,6.798028715
5.96429846,52.84424737,7.021759976
5.953277,79.886635,7.23608
5.985080523,78.36954105,7.11611054
6.318002,64.22972,6.36511
5.975812964999999,63.059031850000004,7.267842638
6.09842242,95.94741844,6.945197734
6.053457219999999,62.198984530000004,7.128801594
6.172137977,63.40654255,6.20947394
6.022169440000001,71.07288593999999,7.194759947
5.9427395,60.888405,6.849767
6.178337256,56.6751905,6.83291866
6.0310035,83.90736,6.954631
6.310532520000001,68.2603652,6.9468002
6.35645823,89.2041595,6.754214107
5.7152452,74.92736,6.8580203
6.3003817,43.61309,6.822498
6.431571223000001,76.0056512,6.7319210840000006
5.63514,101.83889,7.7565255
6.236347616,73.4877616,6.789014969999999
6.631775544,77.65758195,7.379122317
6.3577294,63.40689,6.7480764
6.148371263,74.8830362,7.310532510000001
6.031828474,64.36353573,7.08005758
5.786141227,62.90200513,7.040397203
5.811828859999999,78.19586246,6.911699165000001
6.396157795,82.3476735,6.90612144
6.1455226,77.35167,6.9001594
5.943878,77.87913,6.927014
5.555665,81.42749,6.536966
5.912861,63.72867,6.653851
6.122658380000001,58.1557697,6.854388533
7.049196525,85.9168822,6.961125333
6.2232265,57.70832,7.067672
6.3595905,45.851143,6.520603
6.09672764,53.799937650000004,7.31752171
6.263356026,57.469919100000006,6.965667
6.336206114,53.325677,7.244212577
6.015796845,59.85447456,6.77145713
6.2674956,67.69541,6.899205
6.112354359999999,77.68288749999999,7.06308049
6.555272993,87.8331451,7.099697737
6.21817711,60.65257555,7.539821094
5.565924766,127.08101184,7.722010045
6.25077385,54.51326934,6.57685134
6.1039295,64.77262,6.8319497
5.829846,76.80398,6.61219
5.854646,86.98591,7.1351986
6.20446333,65.9287499,7.2003869599999994
6.268600653,81.44222264,7.128267506
5.851184015,67.15438490000001,6.797837017
6.0555477,80.75444,6.758827
5.881271,83.22194,6.7206483
6.03223207,87.8518907,7.462483475000001
5.97649522,61.78836398,6.48571399
6.0590277,78.45051,6.6791716
6.427002,66.32651,6.7461157
5.91986149,85.38213366,6.959901617
5.9638278,87.13842670000001,7.602242023
6.141042,84.0658,7.1591926
6.3211,67.92178,7.1989956
6.307323,124.7095,7.249055
6.4218416,88.19021,7.087062
5.8973896969999995,67.99269096,6.61498894
5.6750603,78.74698,7.112736
6.4633985,74.478455,6.9927244
6.199838035,90.0189669,7.105735113
6.02649729,76.0939353,6.73643538
5.9574814,93.98199,7.09515
5.6284168999999995,95.41992574,7.275345524
6.5542994,58.51544,6.677661
6.175059200000001,78.8743845,7.287633184000001
6.485228,74.218956,6.7346654
6.2458353,77.00685,6.830829
5.929726,99.79679,7.838221
6.382275,58.570236,6.7922177
6.030570014,81.74234009999999,7.611371817
6.195414437,60.655065199999996,7.271552873
6.09749625,64.3551598,6.7875232
5.9643397,68.491936,7.103027
6.2802386,58.654358,6.5468206
6.2120013,67.55678,6.839907
6.521528,69.92554,6.977342
5.5616593,63.516205,7.046581
6.189426147,48.93618468,6.943687885
6.482962,57.201942,6.5567384
5.7200313,65.55847,6.6648273
5.502733,88.473885,6.7871065
5.8945317,66.0584137,6.918513432999999
5.752520347,91.1628525,7.3936848
6.319329216,56.663772449999996,6.9325299099999995
6.249031,56.721954,7.048689
5.6243205,71.21421,7.722034
5.832467907,65.27988045,7.36461801
6.1369165500000005,58.24690604,7.082351694
5.425273580000001,71.7175144,6.768055955
6.11050606,77.7933512,6.84498614
6.1865163,58.060127,7.059308
5.941153,68.22516,6.7421274
6.121082,95.833206,7.3535495
6.2190065,75.469345,6.1422367
6.398386662999999,48.97925916,6.400273545
6.040929,61.523155,6.95929
6.2659335,54.386024,6.8818717
6.0226455,77.101166,6.7685976
6.433041,64.84916,6.457118
6.2141514,94.635765,6.974988
5.8718233,73.86215,7.4549932
5.937316,67.21768,6.513329
6.03295624,60.78099907,6.62828559
6.011773005,63.25773824,7.066735175
6.3844366,93.45479,7.1508894
5.880784,49.340828,6.540049
6.075208,77.02095,7.179522
5.845750114,62.3608037,7.40419486
6.092457,79.865036,6.8197107
6.3112664,87.808685,7.262074
6.1823454,66.569855,6.510707
6.07531968,72.08545740000001,7.011397275
6.363400364,86.439133,7.18083437
6.323322655,64.3665324,6.787955480000001
6.252676,53.4487,6.904242
5.7724204,96.164734,7.113697
6.368566,62.658737,6.4935007
6.42238093,70.1199368,7.115545445
6.0408354,83.06584,6.96252
6.138741,65.75582,6.967474
6.123866,70.033394,6.766758
6.111342037,43.803510120000006,6.949443976
6.2878084,62.72271,6.646684
6.1362705,69.77801,6.800127
5.6369686,64.68195,6.77498
5.875669,55.072,6.9681225
6.4248705,103.020966,6.9666424
5.9818087,108.7617,7.5198884
6.233026433,74.4751477,6.61765837
6.459339557000001,71.84192619999999,6.96336117
6.590208,62.91712,6.4451675
6.221730290000001,64.35263177,7.003617447
6.498908327,66.9176813,6.908604323
6.243182,72.53335,7.164927
5.622296704,73.47836254,7.1357611
5.520376897,67.53125125,6.744647690000001
5.9952106,53.97557,6.9958997
5.774709,62.145744,6.6543202
6.2175586869999995,72.485377,7.0328501800000005
6.036012,79.31826,7.103606
6.231343,69.55647,6.900796
6.650138657,66.6020866,6.7570666500000005
6.332021,75.42666,6.682806
6.33814087,55.17158936,6.978027784
5.884273,81.34582,7.0754237
6.2330736,87.1695953,7.2795797470000005
5.9696436,57.30021,6.862416
6.2402945,68.178024,6.6092844
6.016921,47.995155,6.954713
6.108846327,64.90553910000001,6.85380041
6.5237017,75.51831,6.740508
6.240165,52.94561,6.816983
6.18033443,70.44946949999999,7.194580773
6.442205513,83.5303835,7.502903675
5.9100957,65.22641,6.788296
5.76356298,72.8141421,6.35905595
6.152299,64.98763,7.075676
6.3514147,71.04341,7.230226
6.038741,64.04304,6.749819
5.853078,57.88302,7.174903
6.1861863,76.86816,7.035905
5.99967169,68.52779704000001,6.80226415
5.9128494,53.056694,6.446243
5.9333912479999995,97.4478704,7.033829476
6.689680460000001,81.2463897,6.675755286999999
6.507734717,58.00652705,6.977743166
6.612599987,66.4208623,6.934166514
6.2068396,76.07081,6.4326468
6.26432098,87.44283060000001,6.944473867
5.696738,97.448,6.6405907
5.651335517,71.56644264,7.2666506360000005
6.3345247670000004,65.97173550000001,6.68638988
6.4774451200000005,83.64128149999999,7.12975665
6.025015216,83.03490376,6.7906726829999995
5.639003114,84.91630954,6.99400861
6.214245685,60.96346163,7.450978060000001
6.0676394,90.73621,7.084146
5.9275875,70.003296,6.5054965
6.04985556,94.73136834,7.018962376999999
6.34102,91.86302,7.3516903
5.9840247699999995,85.38896126,7.885567223
5.922642,64.59184,7.1433234
6.051037,57.800705,6.634412
6.233593245000001,61.57631044,6.31486138
6.234669,92.09334,7.140631
6.08515607,83.4602895,7.37991547
6.601712793000001,56.36811313,6.979597324
6.301344,74.83409,6.5866146
6.206753,60.421547,6.7846694
6.1610594,68.51879,7.5128603
6.0372195,65.600044,6.9894114
6.2137421999999995,76.9958148,7.360500644
6.2050366,77.699585,7.0043364
6.5091434,74.74079,6.813212
6.44991858,71.4829217,6.78105112
6.2923055,68.10049,7.2259493
5.90820003,76.73882434,7.014952475
6.30476037,48.147984720000004,6.640128547000001
5.729703,85.79092,7.119373
6.2918963,55.73812,7.1160297
6.377718730000001,65.50292884999999,6.840269844
6.19250291,67.7938462,6.462662154
5.8689756,57.467125,6.78697
6.4796031869999995,54.76865087,6.6135769600000005
5.7777605,86.85039,7.1864853
6.040528715,54.66496326,6.73014914
6.298488,55.768547,6.714402
5.941713,64.5574,7.5792046
5.8690195,100.57015,7.316386
6.3037231,84.3392521,7.0885324899999995
6.3392925,64.60091,6.847902
6.123408204,90.7235429,6.91293995
6.0461664,69.435616,6.796263
5.390538,122.96403,7.359122
6.388965484,78.9735867,6.87854642
6.45185071,54.7327484,6.6110920570000005
5.943309347,95.2103568,6.680507337
6.394805,86.93209,6.683552
6.0834394,72.189354,6.9531426
6.3480163,56.261124,5.931503
6.355320465,49.76064667,6.811480905
6.2558317,77.02515,6.694421
5.602128,75.58981,7.3217187
6.055141597,79.6943227,7.380438145
5.746153,76.56274,7.1172633
6.042726778,68.9002507,6.98881923
6.32212732,77.6648489,6.556403385
5.9031315,94.37618,7.508455
6.25425835,59.2101794,7.266482066999999
5.64251,63.43466,7.0397854
6.0829835,61.057465,6.7921314
6.030863823,80.72827586,7.024958848
5.96694062,76.1910266,6.744710613
5.672139,53.39412,6.701289
5.7845488,64.41546,6.7972884
5.975338063,90.068972,7.3696538700000005
6.101858,61.01499,6.7953277
6.526904517,80.50080366,6.61730285
5.999647147,63.81295645,6.82626074
6.402011,61.674942,6.9717097
5.806508,80.25051,7.3629055
5.9526167,89.761444,6.973323
6.054785,60.678055,6.8132224
6.06924554,98.3645666,7.0341096499999995
6.26793678,87.321368,6.91832123
6.190874386,82.0506931,7.188905078
6.109214,79.80449,7.257057
5.839096,73.82435,7.0189753
5.4396124,72.757256,7.1994195
6.081122130000001,74.55093305,7.308601793999999
6.263007374000001,63.3711673,7.234790994
5.844287,81.50379,7.1938186
5.967132015,72.67580745,7.024301540000001
6.094007,58.62381,6.7243247
6.6632881500000005,84.4428882,7.520495754000001
5.475309,85.893005,6.7719665
6.09178066,70.48961700000001,7.149717280000001
6.938545,84.29744,6.564033
6.021906840000001,75.33668275,7.594151014
5.6766,84.02549,6.8892837
5.610104,66.96241,7.1743846
6.434801304,69.67083626,7.1026432
5.9480459439999995,83.9846714,6.5375451700000005
5.9979725,101.19444,6.7798247
6.0688524,50.039787,6.6332164
6.053073117,63.19529903,6.4730193
5.87755,66.61003,7.2271276
5.862836,80.49147,6.8141546
6.231378,58.28277,7.094078
6.0674777,53.269653,6.500199
5.713028,63.61743,6.7864976
5.877088596,57.65426935,6.922048837
5.9394712,73.72599,7.1177306
6.19125859,61.5030208,6.93639215
5.754468,63.960114,6.9960113
6.287491,96.020966,7.528227
5.7980413,64.92739,6.9197373
6.3479233,64.19489,6.458601
6.529077,79.798164,7.317589
6.206112357,70.8717101,6.862275825
6.345499,53.638176,6.5393963
5.594774,82.22838,6.740551
6.149975446,93.95779519999999,7.203831463999999
6.384939220000001,73.8732079,6.999575326
6.0496187,78.65318,6.9418583
5.827386496000001,64.9334555,7.042669804
6.3360167,62.676117,6.8591776
6.1178894,73.65299,7.62739
5.8750696,69.18179,6.7552905
5.9256897,82.22148,7.764022
6.0050297,85.08473,7.4285564
6.208574,73.57969,7.1190963
6.191017,59.850014,6.8121457
6.106544,61.6196,6.52905
5.9874606,69.03329,7.377028
5.921591,57.908478,7.1126804
5.923703227,62.49158456,6.429273473
6.054746,85.25493,6.8908143
6.2864676,71.05227,7.22022
6.415269520000001,46.883042540000005,7.26875083
6.52577,62.435677,6.7602253
5.9495893,58.275536,6.9729395
6.21080512,79.3861717,6.60123072
6.278105,71.63825,7.0659337
5.9991677,77.4985928,6.909830564
5.859778,44.164314,6.6229124
6.244614,52.197655,6.7549586
5.988920846,86.33928440000001,7.23017792
5.632583,67.38775,7.231438
6.353901,85.20944,6.4723954
5.9395685,56.791313,6.6857533
6.305442524,74.9925909,6.73299128
6.595103,76.69191,7.348335
6.417513134,40.51292305,6.67959662
5.69384167,101.69106219999999,7.120536764
5.594153,80.73679,7.296486
5.9046206,75.102516,6.758596
6.33569768,67.9077742,6.828035613
6.1338553,52.544807,6.519619
5.995044375,87.0776045,7.391615310000001
6.2562275,67.52697,6.7506094
6.59769976,91.4636507,6.852086036
6.41271422,81.66285309999999,6.701432113
6.27464722,76.46990376000001,7.184923153
6.179101,84.45112,6.8231606
6.3123345,60.15651,7.0309114
6.450735266000001,76.44241054999999,7.146197733
6.0281186,71.266365,6.851429
6.085683491999999,73.70194219999999,6.500064676
6.0762057,53.204308,6.8409224
6.163568,67.2758,6.7949915
6.124861695,76.65447015000001,7.355920496
6.579948,54.358467,6.7996726
6.6789274,82.95723,6.9050727
6.484688436,66.0459705,7.224213466
5.960017,76.6745,7.1071453
5.1819906,89.305115,7.0397387
5.9995036,81.08857,6.52515
5.94061598,85.8117816,7.098176980000001
6.0811577,59.58499,7.008925
5.7505074,65.64809,6.744996
5.624952,71.49346,6.6530023
6.052867885,77.1910276,6.741726063
6.2303163,75.611832,6.96506807
6.5950766,55.08645,6.8780737
5.7803373,73.78232,7.073842
6.371177364,100.5770221,6.929827756000001
6.129745,45.90078,6.4912024
6.281349,82.160324,6.904296
6.752810308,82.447411,7.501604309999999
6.147446,63.01789,6.92403
6.56205282,53.037089699999996,6.528679693
6.2132125,70.825294,6.6120048
6.6134095,54.92829,6.6473007
5.732846,71.50345,7.109716
6.047139165,56.5631209,6.819343553
6.53977222,89.0868278,6.704577455
6.529169947,91.59760700000001,6.94241478
6.103886823,64.07381723,7.0701487730000006
6.2452474,51.016388,6.899226
5.702901067,75.9496366,7.449196016
5.907850570000001,75.30651405,7.030464055
6.122346,75.4071,7.0275
6.176281299999999,48.41185833,6.658383287
5.7006474,73.03864,6.97283
5.976538246,75.6552721,6.967067365
6.1185107,66.13653,6.8645425
5.72202269,94.20292826,7.5250302499999995
6.1626134,65.86903,6.531764
6.052319,58.938766,6.9827337
5.777544107000001,119.73302954,7.325175793
6.1068463,76.22048,7.114617
6.123969,73.4482,6.967288
6.068003,55.037567,6.747022
5.779441,67.06333,7.2432585
6.09745989,86.8195697,6.95757084
6.2163777,99.19309,6.973148
5.8165197,76.30519,7.342737
6.1263313,68.204666,6.6737013
5.8716288,89.8495,6.7453094
6.28585418,65.98970340000001,6.78352461
5.943419,92.388245,7.235837
6.521141154,93.15642584999999,7.515712394
5.672757415,90.15016589999999,6.580514913
6.194043,73.131294,7.3240886
5.781584,75.10001,7.1070843
6.1156425,80.65785,7.2027106
5.995808,88.03381,6.947692
5.9719815,69.87863,7.0360756
6.07412081,64.17204882,6.948734653
6.2534585,69.25304,7.2685924
6.1514688,55.948715,6.836017
6.351911715,71.7908606,6.748894336
6.318511,76.966415,6.6742682
6.353377225,68.2918368,6.895804694000001
6.13171707,68.9213597,6.48134271
5.6036113,83.4086583,7.050340855
6.1775135,72.7140814,7.026781696
6.479361,79.2259,6.435494
5.937337924,73.4519571,7.3287650300000005
5.8949895,63.89042,6.7191706
6.642879484,74.5781576,6.97104323
6.534028956,74.39378210000001,6.5601396780000005
5.889872,55.038185,7.2163415
5.884176,80.547264,6.86021
6.640748384,64.97244655,6.761536506
5.911153,54.936066,7.2671537
6.014818,71.15049,6.413073
6.546122,80.46461,6.964277
5.731024,66.654,7.120916
6.323898,41.242836,6.8575935
6.159736,50.23262,6.6273785
6.403480093000001,58.9178652,6.62022377
5.778489,77.78633,7.059694
5.9967875,76.0534,7.3336535
5.738258,81.03006,7.4208016
5.505570903,66.3916632,7.3551543100000005
6.170242914,79.62222385,6.984014155000001
6.49164976,57.28965127000001,6.991175156000001
6.496888,71.4277,6.8723974
6.006356375,95.38345464,6.448448525
6.014855,54.671257,7.1396017
5.772176,80.3971,6.874584
5.810314,50.983116,6.804027
6.024551,75.911285,6.702222
6.1631083,99.97573,7.3782535
6.338074715,62.376384970000004,6.772368756
6.2786894,57.595833,6.575493
5.8905034,54.64051,6.802594
5.705183,106.148895,6.8582487
5.807330926000001,93.45405769999999,7.267508833
6.2022014,68.17382,7.0776463
5.9523744,67.80635000000001,6.822045404000001
5.889788134,66.2609894,7.48049329
5.778096,65.160515,6.4830656
6.090488,92.440254,7.0439386
6.067061,56.00428,6.9714856
6.305234464,97.7570516,7.46631592
6.630984815000001,69.72451170000001,6.806988526
6.15169487,77.5481232,7.217599077
6.0928845,66.59847,6.9879117
5.990234,78.08939,7.012561
6.214311,59.34764,6.601732
6.344664965000001,77.863425,6.9758609300000005
6.08231292,60.25497794,7.09263107
5.665443,69.45117,6.849843
6.70975926,56.44768800000001,6.765864154000001
6.047043316,82.3636012,7.01524689
6.009834007,78.13712995,7.325602720000001
5.535957,83.55822,7.1593018
5.696473,98.63224,7.010451
6.226476583,60.720695,7.244610416
6.1967983,91.999596,7.290043
5.741099569999999,86.78320465,6.810923890000001
5.6671643,61.194168,6.6197877
6.181523200000001,71.5887596,6.992425435
5.63328409,76.49136424000001,7.379602976
5.8792305,85.60412,6.9940777
6.214268,57.596695,6.6319003
5.6298612,113.1419776,7.108465345
5.9420414,88.30668,6.8630724
6.197774,54.31092,6.932779
6.1722059499999995,81.4338659,6.78686064
5.9566568,64.73941429999999,7.14840226
5.742834,77.83033,6.9945893
6.3495865,57.521393,6.977535
6.3798740700000005,81.4064545,6.96183304
6.1655526,68.18199,7.04076
6.1611390770000005,58.287483800000004,6.65702716
5.82194199,44.5002364,6.40694005
5.981940433,81.0177661,7.232780286
5.692593714,87.06060620000001,7.475204627
6.399038,63.68152,7.206668
6.120885,67.25045,6.736613
6.0886261269999995,68.1771715,6.95088969
5.6194673,88.70792,7.588545
6.0152698,85.416145,7.073926
6.2481847,82.10376,7.1706123
5.659620143,104.1553612,7.83591936
6.000832,61.82808,6.5030065
6.4775239,78.46939874,6.898312423
6.20098,79.49772,6.9296446
6.075897,72.2875,6.7960296
6.381451,63.289948,6.905496
6.198903684,89.8322482,6.91410145
5.821144,76.328926,7.094546
6.082016586000001,58.45811926,6.72387805
6.478048,53.662315,6.7903852
6.191886,52.672302,6.8764076
5.41227488,80.2571856,6.992218284000001
6.094258493,66.1318508,7.02186138
6.171247,62.234314,6.6791167
5.9962053,63.886475,6.801973
6.016364566,63.82423714,6.577819425
6.233008,58.52131,6.424379
5.962893,86.90938,6.849735
5.4361753,99.627235,7.053666
5.862995,63.721085,7.112614
6.1938653,67.34716,6.9449744
6.14533389,69.97423925,7.4962099
6.658961714,78.16004685,7.017657154
6.183635817,123.0257871,6.904132144
6.030429,82.80428,7.042986
5.9988503,68.36194,6.657853
5.896067,63.29496,6.751685
6.431117,71.42321,7.2948813
6.45121946,48.54753264,7.375611456
6.326923103,68.82607630000001,7.180876184
6.25018502,61.952903080000006,6.751941405
6.786112,85.24911,6.884875
5.886731,64.32059,6.6071477
6.370190190000001,88.3072088,6.8419790670000005
5.828179144000001,75.31897239999999,6.6620271650000005
5.992867,85.155975,6.6388326
6.012788,82.577515,7.037563
6.36728139,75.6089636,7.208949437
6.3653016,62.63981,6.403255
6.254382,88.49744,7.161837
6.036495,73.706245,6.7305517
6.0237584,77.63205,7.291906
6.1790876,60.476334,6.8311505
6.618228515,72.75194024,6.57885013
5.535599,82.28589,7.0748124
5.794318,75.05173,7.493145
6.479659,56.035995,6.7160683
5.916919764,55.989910550000005,7.099002756
5.808961,71.777985,6.605393
6.1420445,68.090355,7.2092156
6.8422017,64.78508,6.2176676
6.311937,67.453445,6.8622355
5.708473,62.848778,6.979573
6.30876,55.648804,6.9903064
6.151056146,72.54353280000001,7.01776684
6.3695025,69.10696,6.777028
6.084553,60.899437,6.5426984
6.42495643,78.2977553,6.99569329
6.57002273,55.6732604,6.839021484
6.021691,78.63093,6.734533
6.295149,77.68218,7.2196403
6.2134995,62.276794,7.1433344
6.1080785,68.70596,6.7529445
6.1771607,59.413704,7.020322
5.767025,77.70117,6.3901987
5.84268,59.544235,6.5560327
5.58394761,131.0508027,8.068405806
5.877347256999999,69.59935755000001,7.591815692
6.445348,68.71913,7.090033
6.06109989,74.40490220000001,6.547449230000001
6.017657,55.324127,6.4545374
6.468314,68.19106,6.1660933
5.6597247,58.648224,6.9393635
6.347696,63.391914,7.3289394
5.926566,55.902084,6.896776
6.02541457,46.23876152,6.96677093
6.476184236,54.124825359999996,6.853853536
6.59371834,88.6336004,6.90310356
6.2773895,65.95085,6.756108
6.008042,87.81461,7.0552063
5.9499097,61.941498,6.8919687
6.492208694,50.6730534,6.6906503630000005
6.341616886,75.1219214,6.729396993
6.50992874,53.44819,7.03723459
6.1235123,60.669426,6.7468424
5.8411393,61.557236,6.6530843
5.946317,60.32337,6.4653487
6.032464,61.59369,6.7605104
5.9279323,82.95864,7.2155075
5.6943364,65.32411,6.824716
6.207189724,59.66506118,6.586898113
5.8470697,62.88935,6.900988
6.17673984,75.886451,7.181078487
6.14234,71.86434,6.9592376
6.021586,70.64763,6.857401
6.162135,68.14757,6.607532
5.994006,70.664505,7.105485
5.88166026,81.911303,7.36764094
6.262272,78.30811,6.7802477
6.13967082,70.1862534,6.672646810000001
6.262706,71.00455,7.027899
5.8742913,65.2205682,6.829673025
6.0370455,59.93525,6.48844
6.044409,83.85991,6.7055144
5.9552,69.84492,7.4052806
6.313337,67.31307,7.018555
5.9157210959999995,76.35616160000001,6.555976155000001
5.618872400000001,95.50887239999999,6.571793563000001
5.95122603,102.02046360000001,7.077162414999999
6.053042,60.950912,6.4793744
6.073809124,66.0203367,6.91051696
5.851676,87.41497,7.2963147
6.0582867,58.25029,7.0104375
5.54565,65.0533,6.732638
6.2969136,79.1416,6.794393
6.216672,81.60147,7.053777
5.750313,81.42641,7.021495
6.268252909999999,51.59440772,6.89765562
6.297993,74.13034,7.163059
6.66044298,70.8152511,6.8159704560000005
6.042035,76.80433,6.695286
6.1192794,51.946312,6.5796256
6.207232144,72.7616726,7.08975661
6.129435,58.453835,6.7209253
6.064951424,86.86889203999999,7.074679734
5.517778167,69.23585754,6.89902619
5.88383378,76.02646730000001,7.511446356
6.088002,55.663185,6.5985093
6.238414177,71.34777865,6.85182687
5.9814157,55.938416,6.631422
5.910622,59.24282,7.175193
6.092742,54.123627,6.8946576
5.7299776,61.969444,6.8890853
6.346177,75.55678,7.028143
6.3262877,65.43117,6.7489853
6.03211693,75.75999395,7.24732065
6.0772838270000005,41.595082500000004,6.66133683
5.467122,95.97994,7.418955
6.59935,80.57236,6.7545953
5.8198185,84.69453,7.2499657
6.166438143,67.9304285,6.462960306
5.985091027,47.4684042,6.74765143
5.586504,97.11498,7.2682395
6.2355514,68.07006,6.6612644
6.2420626,84.7672194,6.79438312
6.141570933000001,84.212891,7.27010524
6.1743913,81.96534,7.3339357
5.8674626,68.47237,6.9034286
6.766124,73.559425,6.784734
5.9263067,81.189354,6.5283775
6.5045,92.38561,7.071919
6.2975044,76.30452,6.6082783
5.978584,65.35159,6.9900646
6.08830525,60.341998530000005,6.766604383000001
5.9019246,71.216545,6.675743
6.038036,80.92684,6.7777414
6.1991816,84.58565,6.933795
6.7497559670000005,69.60355006,6.803663
6.09062926,76.12226176,6.71040162
6.054059,109.438095,7.20374
6.28913,52.355087,7.039859
6.32818328,65.75088284,6.922761594
6.432552,87.20072,7.3285675
6.299747,57.962044,6.5410314
6.54018632,58.33246213,6.6132578
6.020811,66.19608,6.510311
5.9101467,55.07231,6.7614985
6.117906,54.44497,6.8287954
5.966644,72.03659,6.682821
6.055455,58.492462,6.662017
5.7634635,110.869896,7.0410047
6.113127313000001,66.5698979,7.3287306899999995
6.108415764,74.25991266,6.625638986
6.178924469999999,49.9865564,6.8869072
6.1388002,70.73381985,7.28093749
5.930973,53.59355,6.99689
6.60730587,112.95635475,7.567343897
5.5374956,68.0605,6.7799544
6.06610949,68.8668904,7.006494533
5.777965984000001,89.78254609999999,6.697191527
6.569627,76.46338,6.5520854
5.700004,74.02993,7.0678062
5.997719764,59.7803446,6.637392053
6.463445813,79.46593746,6.63350224
6.049677295,65.88765905999999,7.10047271
5.7800803,68.48133,6.921815
5.5150223,82.36366,7.249061
6.4741807,64.55859,6.8667755
6.727796143000001,60.95956303,6.591392310000001
5.9440904,73.435165,6.7450004
5.9020615,63.72818,6.693435
6.1523404,67.65222,6.7938886
5.933326204,80.0787893,6.96993425
5.968329,98.52339,7.311974
6.0126567,87.32682,6.976445
5.926842,91.50628,7.2398396
5.827573,79.34172,7.0638022
6.17069701,74.30188220000001,6.594712685
6.508508175,62.68197663,6.7733844119999995
5.941435,88.20068,6.636488
6.11637315,59.259772420000004,6.6183007300000005
6.420672414,57.194623400000005,6.825685040000001
6.542220459999999,50.25824943,6.94583363
5.739785,49.650345,6.7498307
6.2485156,72.14007,6.9678235
6.13822349,70.1969392,7.184837
6.8626394,70.96436,6.7289
5.911235383,74.7767135,7.0787324599999994
5.7707977,73.8281,6.9690137
5.73518299,102.98156445000001,7.19878409
6.333880690000001,90.097454,7.662618005
6.551847,62.13598,6.574151
5.9199698629999995,55.44300666,6.510182653999999
6.286637,56.094475,7.1299343
6.083304437000001,52.5772064,7.308126690000001
6.4671445,75.81765,7.41581
6.2470681599999995,69.62947070000001,6.843883826
6.2611818999999995,97.0350127,7.458087854
5.97884347,61.51282386,7.00233909
6.416548988,75.58092196,7.140963105
6.5176052449999995,52.86271017,6.677563490000001
5.908986820000001,81.4316136,7.05819209
5.959065,80.7835,6.8371387
6.1350107,61.452408,6.568515
6.128972,84.774025,7.644374
6.1483183,69.76872,6.643173
6.4401073,50.660393,7.13894
6.0891395,68.945946,6.808142
6.170045,55.797707,6.864174
6.255403,83.38522,6.3502793
6.179013350000001,69.4061092,6.734074
6.52672807,82.0047179,6.68342957
6.228242,70.03724,6.9062233
6.083433,65.41715,6.9470434
6.3480903799999995,51.212722660000004,6.8101370999999995
5.5134916,105.89154,7.5396066
6.104209417,80.79522270000001,6.8065374599999995
5.9948845,91.00964,7.432662
6.067373,42.27038,6.6443324
6.298884190000001,77.9296608,6.989008403
5.831586,106.28648,8.038574
6.120008544,82.86552474,7.022261340000001
5.4418793,115.01483,7.418355
6.0251837,62.867836,6.8104205
6.1991043,64.29611,6.504598
6.04022723,62.92810454,6.7602329999999995
6.1085634,60.66069,6.7172832
6.163681,62.110695,6.793154
5.8702917,61.838356,6.686615
6.52322135,51.909370159999995,6.72151162
6.048974133,72.0670451,6.618834313000001
6.2907143,85.4582008,7.27014665
6.786038,52.710655,6.7011695
5.761376,98.93661,7.896019
6.096655,59.91687,6.892515
5.6959143,78.19922,6.8348675
6.0106044,64.145485,6.6960125
6.2449374,105.07633,6.9718237
6.125298924,56.963562669999995,7.4136535100000005
5.7966113,80.163704,6.971648
6.216193,82.37462,6.9574566
5.9952364,70.393135,6.3968296
5.50678058,90.8597818,6.5639566700000005
6.175188,53.3991,6.6210284
6.0677757,69.83744,6.7380857
5.8249707,84.15164,7.4103727
5.761510054,79.8152702,7.1183517300000005
5.78018,62.594772,6.8644743
5.931679096,64.390328,6.95857276
6.266785,68.5017,7.1334534
6.1145814099999996,72.9761663,6.967466819999999
6.367824,72.89802,6.938351
5.938439834,77.10895500000001,6.99557916
5.9912057,86.96487,7.635822
5.995039123,70.78056769999999,7.2074131260000005
5.74829481,63.2161424,7.167958587
6.726234,73.82672,6.8965974
6.745621,73.56224,6.6750665
6.0168905,53.579155,7.1799383
6.111549087,72.73535704999999,7.033563239999999
6.178718127000001,78.97883870000001,6.881402296
6.191605020000001,78.14163959999999,7.06579739
5.571715,77.76744,7.0730124
6.324694235,72.5488151,6.914080644
6.1228119,64.5429794,6.663381373000001
6.2378454,72.04687,6.7518272
6.0880146,36.746582,6.8061147
5.919289,92.22327,7.1851177
6.4407498,77.2321447,6.297076593
6.1638036,73.96701,7.028498
5.7881999099999994,68.8928777,6.993363522999999
6.30164149,73.71851125,6.7172537629999995
6.038973113,93.54977035,7.03704168
6.370068283,68.691716,7.044702227
5.954094,64.229,6.9891205
6.702296067000001,78.95800240000001,6.654421360000001
6.482096,58.490997,7.1285176
6.101720474,52.75453816,6.647088255000001
6.345941,60.558197,6.800185
5.679735,98.73368119999999,7.6766514500000005
5.94208856,48.5879488,6.484077285000001
6.31341506,75.59214104,6.65710998
6.2234097,54.98832,7.2309666
6.099088,72.78907,6.719687
5.52532822,65.09541405,7.05508432
6.669941323,76.71470554,7.583244125
5.689428,90.24235,7.749796
5.895286574,46.630827360000005,6.752081593
5.7806277,116.09203,6.8862357
6.749996245999999,79.84484906,7.217792289999999
5.856271,92.76187,6.852659
6.1128826,47.273407,6.5159917
6.3235154,66.70695,6.9268293
6.47066499,70.4408946,7.522005300000001
5.7824984,82.58089,6.944393
6.015374866999999,65.88486944,6.310944902999999
6.79514769,103.46175986,6.717257197
5.6560116,82.72759,6.5484743
6.189559063,65.3423641,6.888350894
6.37512,70.2739719,7.265362785
6.791645010000001,71.18917330000001,7.03319257
6.367096257,62.5542995,6.59609285
5.977320895,92.5698633,7.31250302
6.6225667,63.721855,6.6356587
5.7577634,63.948242,6.998791
6.119554347,61.32791003,6.933770695
5.701768,78.784706,6.7664714
5.95923937,90.76023620000001,7.2988558999999995
5.6526184,62.061028,7.1091247
5.793429,55.100304,6.9212694
5.72137629,70.91718434,6.81649404
6.475268267000001,60.1287744,6.586493103
6.29016486,56.12886635,6.971887590000001
5.866742257,88.4028053,7.226842496
5.929178134,60.20293365,6.93318641
6.14963649,75.0570693,6.750346413
6.5552897,68.0339,6.5786495
5.8957753,80.345505,7.066348
6.137635,74.77165,7.214932
6.23030418,59.3922319,6.8724298600000004
5.9396844,50.071815,6.5164022
6.535453964999999,63.715502560000004,6.648664057
5.84073304,83.3757222,6.5115760499999995
5.787108807,65.44042096,6.6265898
5.981408,76.459274,7.25767
5.548173,109.33369,7.414751
6.5588821269999995,54.51635085,6.789199396
6.343352,85.06164,7.2150335
6.319137013,55.33609816,7.0556948649999995
5.6639004,96.12647,7.310445
5.9652615,64.37651,6.610983
5.88556391,73.6752479,7.00125839
5.808392436,89.4254404,7.603511088
5.71551526,90.2109881,7.324196194000001
5.961947482999999,53.889408499999995,6.536147936
5.8579226,97.67965,7.296206
5.778411,57.82463,6.647078
6.315902,65.45607,7.1191516
6.0613403,60.839508,6.965824
6.123076,82.049355,6.409323
6.494178,87.75549,6.9644427
6.23204643,67.9191165,6.9537332439999995
6.57961268,71.09820664,7.173184933
6.775796292000001,78.662537,7.030237713999999
5.84144307,77.75269870000001,6.868367135
6.03769718,49.42426314,6.665598727
6.2846737930000005,79.21324455,7.37677538
5.845457214,69.0907064,7.083332
6.317944,49.815742,6.76409
6.017592726,55.3828652,7.31936092
6.41007105,71.3995664,6.987609856
6.20907701,60.1431366,7.304500487
6.495390194,83.35934,7.150429128
6.0082112400000005,89.1357926,6.296219305
6.100063,86.52641,6.726844
5.89217234,65.4637964,6.7246133299999995
6.2113,65.320244,7.000727
6.0133033,56.2016,6.701608
5.992256,62.81093,6.6784573
6.220748873000001,79.96469970000001,6.5911691
5.9794335,85.39591,6.758822
6.226389,94.97932,6.8367
5.60401,83.75574,7.432762
5.883532,95.679565,7.1103625
6.64574748,66.07794306,6.629765239999999
6.655278,68.18094,6.809043
5.7570786,101.776215,7.246006
6.195154866999999,70.3008581,6.901357674
6.1645103,77.6822,7.4081607
5.983618750000001,82.458723,7.379347244
6.701874,83.56775,6.696862
6.1352475250000005,91.5214227,7.018263053
5.9659286,62.24755,6.8076215
6.74835237,74.3416863,7.037351447
6.056995,53.688385,6.371695
5.84841712,79.2049878,7.681313004
6.562592463,70.5962427,7.138981283000001
6.0765495,66.26027,6.976944
6.126299,66.41754,6.4949646
6.348149364,92.35383440000001,6.718853704000001
6.47936715,59.6229563,6.902371916000001
5.6691572699999995,80.3749112,7.44011248
6.219012683,73.69312489999999,7.000060328
6.3367376,86.76746,6.862201
6.0119667,68.653854,7.0250154
6.17403001,58.35469324,7.0200208570000004
6.489457,78.15849,7.0866823
6.38723394,65.50249960000001,6.952343787
6.019571,46.217354,6.6637483
5.94953024,65.4782899,6.7170529750000005
6.45579779,75.57592044,7.07401879
5.9027843,68.90796,6.9703116
5.753379,70.57874,6.5918946
