cell,seed,probe,step,val_viol
bcsdhppo_full_safetyoff,0,1,26624.0,32.96666666666666
bcsdhppo_full_safetyoff,0,2,51200.0,32.13333333333333
bcsdhppo_full_safetyoff,0,3,75776.0,32.76666666666666
bcsdhppo_full_safetyoff,0,4,100352.0,33.2
bcsdhppo_full_safetyoff,0,5,126976.0,33.300000000000004
bcsdhppo_full_safetyoff,0,6,151552.0,33.800000000000004
bcsdhppo_full_safetyoff,0,7,176128.0,35.733333333333334
bcsdhppo_full_safetyoff,0,8,200704.0,34.5
bcsdhppo_full_safetyoff,0,9,225280.0,35.13333333333334
bcsdhppo_full_safetyoff,0,10,251904.0,35.733333333333334
bcsdhppo_full_safetyoff,0,11,276480.0,35.266666666666666
bcsdhppo_full_safetyoff,0,12,301056.0,35.333333333333336
bcsdhppo_full_safetyoff,1,1,26624.0,30.3
bcsdhppo_full_safetyoff,1,2,51200.0,30.6
bcsdhppo_full_safetyoff,1,3,75776.0,30.1
bcsdhppo_full_safetyoff,1,4,100352.0,30.1
bcsdhppo_full_safetyoff,1,5,126976.0,29.2
bcsdhppo_full_safetyoff,1,6,151552.0,29.566666666666663
bcsdhppo_full_safetyoff,1,7,176128.0,30.066666666666663
bcsdhppo_full_safetyoff,1,8,200704.0,30.5
bcsdhppo_full_safetyoff,1,9,225280.0,30.366666666666664
bcsdhppo_full_safetyoff,1,10,251904.0,30.266666666666666
bcsdhppo_full_safetyoff,1,11,276480.0,29.33333333333333
bcsdhppo_full_safetyoff,1,12,301056.0,29.3
ddqn_full_safetyoff,0,1,24999.0,51.13333333333333
ddqn_full_safetyoff,0,2,49999.0,50.63333333333333
ddqn_full_safetyoff,0,3,74999.0,49.93333333333333
ddqn_full_safetyoff,0,4,99999.0,53.8
ddqn_full_safetyoff,0,5,124999.0,46.4
ddqn_full_safetyoff,0,6,149999.0,46.16666666666666
ddqn_full_safetyoff,0,7,174999.0,40.6
ddqn_full_safetyoff,0,8,199999.0,49.59999999999999
ddqn_full_safetyoff,0,9,224999.0,37.06666666666666
ddqn_full_safetyoff,0,10,249999.0,40.46666666666666
ddqn_full_safetyoff,0,11,274999.0,39.83333333333333
ddqn_full_safetyoff,0,12,299999.0,39.33333333333333
ddqn_full_safetyoff,1,1,24999.0,53.03333333333333
ddqn_full_safetyoff,1,2,49999.0,50.83333333333333
ddqn_full_safetyoff,1,3,74999.0,50.66666666666666
ddqn_full_safetyoff,1,4,99999.0,40.3
ddqn_full_safetyoff,1,5,124999.0,35.93333333333333
ddqn_full_safetyoff,1,6,149999.0,37.86666666666667
ddqn_full_safetyoff,1,7,174999.0,38.4
ddqn_full_safetyoff,1,8,199999.0,35.333333333333336
ddqn_full_safetyoff,1,9,224999.0,38.63333333333333
ddqn_full_safetyoff,1,10,249999.0,32.4
ddqn_full_safetyoff,1,11,274999.0,40.6
ddqn_full_safetyoff,1,12,299999.0,39.2
dqn_full_safetyoff,0,1,24999.0,54.73333333333332
dqn_full_safetyoff,0,2,49999.0,50.36666666666666
dqn_full_safetyoff,0,3,74999.0,48.03333333333333
dqn_full_safetyoff,0,4,99999.0,45.13333333333333
dqn_full_safetyoff,0,5,124999.0,46.89999999999999
dqn_full_safetyoff,0,6,149999.0,45.76666666666666
dqn_full_safetyoff,0,7,174999.0,43.16666666666666
dqn_full_safetyoff,0,8,199999.0,41.1
dqn_full_safetyoff,0,9,224999.0,37.4
dqn_full_safetyoff,0,10,249999.0,37.83333333333332
dqn_full_safetyoff,0,11,274999.0,39.53333333333333
dqn_full_safetyoff,0,12,299999.0,37.36666666666667
dqn_full_safetyoff,1,1,24999.0,52.83333333333332
dqn_full_safetyoff,1,2,49999.0,50.99999999999999
dqn_full_safetyoff,1,3,74999.0,47.4
dqn_full_safetyoff,1,4,99999.0,50.76666666666666
dqn_full_safetyoff,1,5,124999.0,39.2
dqn_full_safetyoff,1,6,149999.0,42.96666666666666
dqn_full_safetyoff,1,7,174999.0,36.76666666666667
dqn_full_safetyoff,1,8,199999.0,38.266666666666666
dqn_full_safetyoff,1,9,224999.0,33.833333333333336
dqn_full_safetyoff,1,10,249999.0,37.13333333333333
dqn_full_safetyoff,1,11,274999.0,35.36666666666666
dqn_full_safetyoff,1,12,299999.0,35.03333333333333
ppo_full_safetyoff,0,1,26624.0,55.60000000000001
ppo_full_safetyoff,0,2,51200.0,52.56666666666666
ppo_full_safetyoff,0,3,75776.0,52.66666666666666
ppo_full_safetyoff,0,4,100352.0,52.86666666666666
ppo_full_safetyoff,0,5,126976.0,53.0
ppo_full_safetyoff,0,6,151552.0,52.89999999999999
ppo_full_safetyoff,0,7,176128.0,52.63333333333332
ppo_full_safetyoff,0,8,200704.0,52.7
ppo_full_safetyoff,0,9,225280.0,52.23333333333332
ppo_full_safetyoff,0,10,251904.0,48.1
ppo_full_safetyoff,0,11,276480.0,51.63333333333333
ppo_full_safetyoff,0,12,301056.0,48.266666666666666
ppo_full_safetyoff,1,1,26624.0,59.7
ppo_full_safetyoff,1,2,51200.0,53.83333333333332
ppo_full_safetyoff,1,3,75776.0,54.50000000000001
ppo_full_safetyoff,1,4,100352.0,52.83333333333332
ppo_full_safetyoff,1,5,126976.0,51.93333333333332
ppo_full_safetyoff,1,6,151552.0,50.09999999999999
ppo_full_safetyoff,1,7,176128.0,50.59999999999999
ppo_full_safetyoff,1,8,200704.0,50.13333333333333
ppo_full_safetyoff,1,9,225280.0,50.06666666666666
ppo_full_safetyoff,1,10,251904.0,49.266666666666666
ppo_full_safetyoff,1,11,276480.0,49.09999999999999
ppo_full_safetyoff,1,12,301056.0,50.23333333333333
ressdhppo_full_safetyoff,0,1,26624.0,32.06666666666666
ressdhppo_full_safetyoff,0,2,51200.0,32.06666666666666
ressdhppo_full_safetyoff,0,3,75776.0,32.1
ressdhppo_full_safetyoff,0,4,100352.0,32.4
ressdhppo_full_safetyoff,0,5,126976.0,32.03333333333333
ressdhppo_full_safetyoff,0,6,151552.0,32.099999999999994
ressdhppo_full_safetyoff,0,7,176128.0,32.03333333333333
ressdhppo_full_safetyoff,0,8,200704.0,32.06666666666666
ressdhppo_full_safetyoff,0,9,225280.0,32.2
ressdhppo_full_safetyoff,0,10,251904.0,32.23333333333333
ressdhppo_full_safetyoff,0,11,276480.0,32.26666666666666
ressdhppo_full_safetyoff,0,12,301056.0,32.2
ressdhppo_full_safetyoff,1,1,26624.0,30.96666666666667
ressdhppo_full_safetyoff,1,2,51200.0,30.966666666666665
ressdhppo_full_safetyoff,1,3,75776.0,29.966666666666665
ressdhppo_full_safetyoff,1,4,100352.0,29.7
ressdhppo_full_safetyoff,1,5,126976.0,29.966666666666665
ressdhppo_full_safetyoff,1,6,151552.0,29.63333333333334
ressdhppo_full_safetyoff,1,7,176128.0,30.1
ressdhppo_full_safetyoff,1,8,200704.0,29.9
ressdhppo_full_safetyoff,1,9,225280.0,29.46666666666666
ressdhppo_full_safetyoff,1,10,251904.0,29.8
ressdhppo_full_safetyoff,1,11,276480.0,29.8
ressdhppo_full_safetyoff,1,12,301056.0,29.53333333333333
sdhppo_full_safetyoff,0,1,26624.0,60.133333333333326
sdhppo_full_safetyoff,0,2,51200.0,50.366666666666674
sdhppo_full_safetyoff,0,3,75776.0,49.53333333333333
sdhppo_full_safetyoff,0,4,100352.0,50.3
sdhppo_full_safetyoff,0,5,126976.0,51.7
sdhppo_full_safetyoff,0,6,151552.0,51.56666666666666
sdhppo_full_safetyoff,0,7,176128.0,51.63333333333333
sdhppo_full_safetyoff,0,8,200704.0,51.53333333333333
sdhppo_full_safetyoff,0,9,225280.0,49.93333333333333
sdhppo_full_safetyoff,0,10,251904.0,51.66666666666666
sdhppo_full_safetyoff,0,11,276480.0,51.33333333333333
sdhppo_full_safetyoff,0,12,301056.0,51.93333333333332
sdhppo_full_safetyoff,1,1,26624.0,54.29999999999999
sdhppo_full_safetyoff,1,2,51200.0,50.9
sdhppo_full_safetyoff,1,3,75776.0,52.93333333333332
sdhppo_full_safetyoff,1,4,100352.0,50.33333333333333
sdhppo_full_safetyoff,1,5,126976.0,51.9
sdhppo_full_safetyoff,1,6,151552.0,51.5
sdhppo_full_safetyoff,1,7,176128.0,49.93333333333332
sdhppo_full_safetyoff,1,8,200704.0,51.9
sdhppo_full_safetyoff,1,9,225280.0,60.966666666666654
sdhppo_full_safetyoff,1,10,251904.0,58.633333333333326
sdhppo_full_safetyoff,1,11,276480.0,54.26666666666665
sdhppo_full_safetyoff,1,12,301056.0,57.46666666666667
