cell,method,arm,safety,seed,best_val_step,reward,drop_total,viol_p1,delay_p1,viol_p2,delay_p2,viol_p4,delay_p4,viol_total,sens_0.5x,sens_0.75x,sens_1.5x,sens_2x,sens_real_train_median,res_mean_abs
bcsdhppo_full_safetyoff,bcsdhppo,full,off,0,51200.0,-1.1730299873437142,2.8198720735218457,33.300000000000004,63.07052214744297,31.7,63.304451310789375,33.2,63.433448212320975,32.733333333333334,33.233333333333334,33.1,32.63333333333333,32.333333333333336,33.53333333333334,
bcsdhppo_full_safetyoff,bcsdhppo,full,off,1,126976.0,-1.234853213600825,2.893353506333437,30.599999999999998,59.38834866396344,30.599999999999998,60.281196296528925,40.300000000000004,75.97388589157917,33.833333333333336,34.4,34.233333333333334,33.46666666666667,33.199999999999996,34.43333333333334,
ddqn_full_safetyoff,ddqn,full,off,0,224999.0,-0.9731319168233811,3.2863674643783876,18.0,28.621430085513094,51.2,99.98936305804453,37.9,70.85118065704242,35.699999999999996,36.766666666666666,36.300000000000004,34.73333333333333,34.13333333333333,37.800000000000004,
ddqn_full_safetyoff,ddqn,full,off,1,249999.0,-1.0662745606614963,3.4878516330851053,31.3,58.33691385913909,49.5,96.72208882318616,28.000000000000004,47.55895294622581,36.266666666666666,37.0,36.666666666666664,35.5,35.0,38.06666666666667,
demand_prop_full_safetyoff,demand_prop,full,off,0,,-1.1662366141240146,2.811731800545595,33.2,62.91507988182692,31.0,60.83086880203083,32.9,62.87876076708594,32.36666666666667,32.53333333333333,32.5,32.06666666666666,32.06666666666666,32.76666666666667,
demand_prop_full_safetyoff,demand_prop,full,off,1,,-1.2219191581433997,2.892598311848097,32.6,60.88204603605822,30.099999999999998,58.7631026820985,38.4,72.57190737866364,33.699999999999996,33.76666666666667,33.73333333333333,33.333333333333336,33.333333333333336,34.1,
demand_prop_full_safetyoff,demand_prop,full,off,10,,-1.1260230505466273,2.6472867157043387,33.2,62.022107816895954,30.3,59.7249049305574,32.0,59.7323161872978,31.833333333333332,32.03333333333333,32.0,31.566666666666666,31.5,32.333333333333336,
demand_prop_full_safetyoff,demand_prop,full,off,11,,-0.922283900777306,2.089420501063222,28.299999999999997,51.776584791193514,24.5,47.490270201893814,26.400000000000002,48.535048022146675,26.400000000000002,26.53333333333333,26.46666666666667,26.0,25.933333333333337,26.733333333333334,
demand_prop_full_safetyoff,demand_prop,full,off,12,,-1.02306142811376,2.3280359368577805,30.599999999999998,56.70049763749445,26.900000000000002,52.05252918317117,28.799999999999997,54.56377503214256,28.766666666666666,28.866666666666664,28.833333333333332,28.333333333333332,28.333333333333332,29.0,
demand_prop_full_safetyoff,demand_prop,full,off,13,,-1.2673198764388716,3.1534276953331872,35.0,66.32040925847593,35.5,69.59627510018356,37.2,69.82513315577091,35.9,35.96666666666666,35.96666666666666,35.6,35.4,36.300000000000004,
demand_prop_full_safetyoff,demand_prop,full,off,14,,-1.0823762268178376,2.5736562567275643,31.1,58.24613667980156,31.8,61.793084731724115,30.9,58.484604427623594,31.26666666666667,31.333333333333332,31.333333333333332,30.899999999999995,30.833333333333332,31.53333333333333,
demand_prop_full_safetyoff,demand_prop,full,off,15,,-0.9626214378370749,2.2293620042155964,29.9,56.23970107139397,24.0,46.63566359976647,25.3,47.78150545840245,26.400000000000002,26.400000000000002,26.400000000000002,26.066666666666666,26.03333333333333,26.599999999999998,
demand_prop_full_safetyoff,demand_prop,full,off,16,,-1.0519345878658304,2.361463551430648,32.1,60.175196952085265,24.4,47.18191375649569,28.999999999999996,54.53950957799762,28.5,28.5,28.5,28.166666666666668,28.133333333333336,28.7,
demand_prop_full_safetyoff,demand_prop,full,off,17,,-0.9532227445282954,2.2300953741810474,27.500000000000004,51.22474350252511,26.0,50.5051907090404,28.000000000000004,52.159981158368225,27.166666666666668,27.233333333333334,27.166666666666668,26.833333333333332,26.76666666666667,27.46666666666667,
demand_prop_full_safetyoff,demand_prop,full,off,18,,-1.2468748267363972,3.057977063169095,37.2,70.09100704311196,36.3,71.47195922162572,33.6,63.16208105243323,35.699999999999996,35.9,35.76666666666667,35.4,35.36666666666667,36.199999999999996,
demand_prop_full_safetyoff,demand_prop,full,off,19,,-0.8005329994317976,1.9150238616317612,22.7,41.44611695081088,26.0,50.146423392438244,24.6,44.93021248412268,24.433333333333337,24.566666666666666,24.53333333333333,23.96666666666667,23.900000000000002,24.76666666666667,
demand_prop_full_safetyoff,demand_prop,full,off,2,,-0.9426693096612263,2.286866848617362,26.3,48.91216452205968,25.3,48.801410107262086,28.4,53.1322749230947,26.666666666666668,26.8,26.73333333333333,26.2,26.166666666666668,27.0,
demand_prop_full_safetyoff,demand_prop,full,off,3,,-1.1175349841339317,2.644530994150787,32.2,59.88396428863558,30.9,59.98124826934863,32.5,61.07578912371645,31.866666666666664,32.0,31.900000000000002,31.433333333333334,31.400000000000002,32.233333333333334,
demand_prop_full_safetyoff,demand_prop,full,off,4,,-1.134628285844177,2.7754371223731447,32.6,61.00780230429059,32.5,63.341209343576,32.7,60.94304266645097,32.6,32.7,32.63333333333333,32.2,32.166666666666664,32.96666666666667,
demand_prop_full_safetyoff,demand_prop,full,off,5,,-1.14737958528944,2.707455689521133,32.2,59.67722492808367,30.4,59.272820351300005,34.9,65.0413495763326,32.5,32.53333333333333,32.53333333333333,32.1,32.1,32.800000000000004,
demand_prop_full_safetyoff,demand_prop,full,off,6,,-0.9159043548208982,2.2751088677384095,26.1,48.85571084280874,25.0,48.78778214667032,26.3,49.536361062986366,25.8,25.866666666666664,25.8,25.46666666666667,25.433333333333334,26.166666666666668,
demand_prop_full_safetyoff,demand_prop,full,off,7,,-0.9168855236671712,2.155365566559787,28.1,52.58560581586477,25.7,49.55322485739148,24.6,46.15205928651042,26.133333333333336,26.26666666666667,26.2,25.633333333333336,25.600000000000005,26.5,
demand_prop_full_safetyoff,demand_prop,full,off,8,,-0.8315463443179888,1.9960657980564016,22.400000000000002,41.7012811349657,21.9,42.32218972031796,26.1,48.76079234712462,23.46666666666667,23.53333333333333,23.46666666666667,23.100000000000005,23.066666666666666,23.76666666666667,
demand_prop_full_safetyoff,demand_prop,full,off,9,,-1.212430499136045,2.9562399136595414,34.2,64.14484807637069,32.4,63.283881493892956,35.5,66.67622055867791,34.03333333333333,34.13333333333333,34.1,33.63333333333333,33.63333333333333,34.4,
demand_prop_full_safetyon,demand_prop,full,on,0,,-1.1826085250574516,2.7859907901228986,33.4,63.44026530587558,30.4,59.802356383758884,33.6,64.75036678145061,32.46666666666667,32.76666666666667,32.56666666666666,32.233333333333334,32.199999999999996,32.833333333333336,
demand_prop_full_safetyon,demand_prop,full,on,1,,-1.222534360343211,2.8695090234175016,32.1,59.90189393772755,30.5,59.44274102371819,38.7,73.89795674681218,33.76666666666667,33.96666666666667,33.76666666666667,33.4,33.36666666666667,34.13333333333333,
demand_prop_full_safetyon,demand_prop,full,on,10,,-1.129921781504765,2.6220471023982,32.7,61.32940356362412,30.5,60.30282008091983,32.0,61.15974425507226,31.733333333333334,32.1,31.900000000000002,31.53333333333333,31.433333333333334,32.233333333333334,
demand_prop_full_safetyon,demand_prop,full,on,11,,-0.9213217828013287,2.071561902049456,28.299999999999997,50.99468685278469,25.4,49.615104080702054,26.1,49.29270859387535,26.599999999999998,27.0,26.599999999999998,26.233333333333338,26.133333333333336,27.066666666666663,
demand_prop_full_safetyon,demand_prop,full,on,12,,-1.028155172235698,2.3085297726857723,30.3,56.40312843720334,26.700000000000003,51.756813721246424,28.999999999999996,55.74411902870507,28.666666666666668,28.900000000000002,28.733333333333334,28.266666666666666,28.166666666666668,29.033333333333335,
demand_prop_full_safetyon,demand_prop,full,on,13,,-1.2773978834474764,3.0995499775654043,35.0,66.09503667971913,35.6,70.26879279699217,37.5,71.77384234179195,36.03333333333333,36.333333333333336,36.13333333333333,35.833333333333336,35.666666666666664,36.5,
demand_prop_full_safetyon,demand_prop,full,on,14,,-1.0920186849618574,2.56260637394995,31.2,58.72789183469731,31.6,61.626807340044046,30.9,59.30709732833355,31.23333333333333,31.53333333333333,31.3,30.866666666666664,30.8,31.566666666666663,
demand_prop_full_safetyon,demand_prop,full,on,15,,-0.9688369153718004,2.1909366525757363,29.599999999999998,56.2401208884456,24.9,48.82319982822894,25.4,48.714633344184485,26.633333333333336,26.766666666666666,26.666666666666668,26.399999999999995,26.333333333333332,26.866666666666664,
demand_prop_full_safetyon,demand_prop,full,on,16,,-1.0557522601738694,2.3298217621959845,31.900000000000002,60.6632324864264,24.3,47.74367734836803,28.299999999999997,54.58428644339636,28.166666666666668,28.333333333333332,28.166666666666668,28.03333333333333,28.0,28.46666666666667,
demand_prop_full_safetyon,demand_prop,full,on,17,,-0.9620282390217502,2.2115739486969033,27.0,50.64276433801543,26.200000000000003,51.29362439091578,28.499999999999996,54.0915487483258,27.233333333333334,27.5,27.299999999999997,27.0,26.899999999999995,27.63333333333333,
demand_prop_full_safetyon,demand_prop,full,on,18,,-1.2515041750231808,3.010756822769579,37.2,70.55738454347932,37.4,73.50552183823633,33.0,63.3744361348148,35.86666666666667,36.1,35.86666666666667,35.63333333333333,35.46666666666667,36.300000000000004,
demand_prop_full_safetyon,demand_prop,full,on,19,,-0.81301969768605,1.8887194917328558,22.6,41.7314239942214,26.700000000000003,52.064527642514506,24.7,46.32248447809262,24.666666666666668,25.066666666666666,24.733333333333334,24.3,24.2,25.133333333333336,
demand_prop_full_safetyon,demand_prop,full,on,2,,-0.9574583142904605,2.244775674005945,26.5,49.836906081094625,25.0,48.26101252539404,28.299999999999997,54.35563028066135,26.599999999999998,26.833333333333332,26.633333333333336,26.166666666666668,26.099999999999998,26.933333333333334,
demand_prop_full_safetyon,demand_prop,full,on,3,,-1.1287343226774846,2.6347889252433307,31.900000000000002,59.61423409086275,30.8,60.342289247551086,33.1,62.92288615811038,31.933333333333337,32.13333333333333,31.96666666666667,31.7,31.53333333333333,32.333333333333336,
demand_prop_full_safetyon,demand_prop,full,on,4,,-1.1356627815595193,2.7218817995350912,32.9,60.998865136285296,33.0,64.46294161951955,32.6,61.430165140808164,32.833333333333336,33.333333333333336,32.86666666666667,32.36666666666667,32.233333333333334,33.333333333333336,
demand_prop_full_safetyon,demand_prop,full,on,5,,-1.1558413109501442,2.6871728377393502,31.6,59.50200243970225,30.099999999999998,59.589769334838856,35.099999999999994,66.4580090927466,32.266666666666666,32.53333333333333,32.4,32.13333333333333,32.13333333333333,32.73333333333333,
demand_prop_full_safetyon,demand_prop,full,on,6,,-0.9467255913627584,2.2346686286340605,27.6,52.112274071151234,24.9,48.56071542179862,26.1,50.2073509361499,26.2,26.3,26.2,25.96666666666667,25.8,26.366666666666664,
demand_prop_full_safetyon,demand_prop,full,on,7,,-0.9376745891368634,2.113360807574244,28.599999999999998,53.9060088045787,25.2,49.140827538844384,25.2,47.76541739649345,26.333333333333332,26.7,26.400000000000002,25.900000000000002,25.833333333333332,26.733333333333334,
demand_prop_full_safetyon,demand_prop,full,on,8,,-0.8402494478111692,1.952488119503007,21.6,40.820675179870875,23.1,44.562986256101226,26.5,51.082553747264626,23.733333333333334,23.933333333333334,23.733333333333334,23.400000000000002,23.2,23.933333333333334,
demand_prop_full_safetyon,demand_prop,full,on,9,,-1.2286079674456483,2.9079071888388235,33.800000000000004,63.75737670456458,33.0,64.87346816913556,36.3,69.53696110321607,34.36666666666667,34.66666666666667,34.43333333333333,34.13333333333333,34.06666666666667,34.766666666666666,
dqn_full_safetyoff,dqn,full,off,0,299999.0,-0.9823679520493255,3.366624259032938,22.8,35.30046844553403,48.9,96.8781459962522,33.5,63.76375806689056,35.06666666666667,35.63333333333333,35.43333333333334,34.56666666666666,34.23333333333334,35.666666666666664,
dqn_full_safetyoff,dqn,full,off,1,224999.0,-0.972633052526753,3.415551572879137,14.7,22.692403998349814,55.60000000000001,108.40045516667887,40.1,76.31925768183393,36.800000000000004,38.43333333333333,37.733333333333334,35.43333333333334,34.6,40.03333333333333,
equal_split_full_safetyoff,equal_split,full,off,0,,-1.8284143881124983,2.821150047989054,33.0,61.4657379058307,30.2,59.189293191204484,98.1,157.28486303438984,53.76666666666667,53.96666666666667,53.96666666666667,53.36666666666667,53.199999999999996,54.166666666666664,
equal_split_full_safetyoff,equal_split,full,off,1,,-1.8796814213905306,2.907022761413147,32.0,59.07120803816074,29.2,57.04767332939251,98.4,166.38525780879164,53.20000000000001,53.4,53.333333333333336,52.73333333333333,52.5,53.5,
equal_split_full_safetyoff,equal_split,full,off,10,,-1.829317464372011,2.663344638361832,32.300000000000004,60.276153669805986,29.599999999999998,57.81874562261757,97.2,159.86938210025284,53.03333333333334,53.26666666666667,53.199999999999996,52.73333333333333,52.300000000000004,53.199999999999996,
equal_split_full_safetyoff,equal_split,full,off,11,,-1.6886059473908286,2.11323320001968,27.400000000000002,50.057141436886795,23.7,45.77771040949235,96.6,157.31351965236502,49.23333333333333,49.43333333333334,49.333333333333336,48.76666666666667,48.36666666666667,49.36666666666667,
equal_split_full_safetyoff,equal_split,full,off,12,,-1.6479094568367776,2.342621177517937,29.9,55.162740983268456,26.0,50.369645890184096,95.7,144.18570605431216,50.53333333333333,50.833333333333336,50.79999999999999,50.0,49.633333333333326,50.86666666666667,
equal_split_full_safetyoff,equal_split,full,off,13,,-1.8786621122575011,3.1629488277040796,34.5,64.61299400718775,34.8,67.8898099371593,96.2,157.34325807949475,55.166666666666664,55.56666666666666,55.4,54.63333333333333,54.26666666666667,55.36666666666665,
equal_split_full_safetyoff,equal_split,full,off,14,,-1.7563895616495302,2.5890444611027728,30.4,56.55060359414565,30.9,59.88087975903976,96.39999999999999,154.75722509910779,52.56666666666666,52.93333333333334,52.833333333333336,52.03333333333333,51.666666666666664,52.86666666666667,
equal_split_full_safetyoff,equal_split,full,off,15,,-1.7102015065448772,2.249174257181194,29.299999999999997,54.90853147760642,23.200000000000003,45.31582568789949,97.8,153.79624375598655,50.1,50.199999999999996,50.199999999999996,49.833333333333336,49.56666666666666,50.29999999999999,
equal_split_full_safetyoff,equal_split,full,off,16,,-1.7692924945430382,2.3841491166241338,31.5,58.69279200024685,23.5,45.55405780287585,97.7,156.44557148037464,50.9,51.0,50.93333333333334,50.5,50.300000000000004,51.1,
equal_split_full_safetyoff,equal_split,full,off,17,,-1.6609183488717159,2.240387424093611,26.900000000000002,49.690167501854404,25.0,48.98886423846996,97.89999999999999,153.00075126236555,49.93333333333334,50.13333333333333,50.06666666666666,49.699999999999996,49.46666666666667,50.166666666666664,
equal_split_full_safetyoff,equal_split,full,off,18,,-1.893023663770039,3.083722506669933,36.4,68.08714097910101,35.5,69.59389434794512,96.5,155.78264215825592,56.13333333333333,56.5,56.26666666666667,55.76666666666666,55.4,56.366666666666674,
equal_split_full_safetyoff,equal_split,full,off,19,,-1.6278296924576752,1.9379418280060083,21.5,39.794987737206306,24.9,48.4495135631017,97.89999999999999,161.9368070442247,48.099999999999994,48.300000000000004,48.300000000000004,47.800000000000004,47.29999999999999,48.4,
equal_split_full_safetyoff,equal_split,full,off,2,,-1.6939810874148673,2.301810812415983,25.4,47.18522958667484,24.2,46.924048885271546,98.2,159.96257852795435,49.26666666666667,49.43333333333334,49.366666666666674,48.86666666666667,48.6,49.56666666666666,
equal_split_full_safetyoff,equal_split,full,off,3,,-1.8398830257925602,2.6580783025764037,31.3,58.21986696860973,29.9,58.021343601719444,98.4,163.71392900164938,53.20000000000001,53.29999999999999,53.29999999999999,52.800000000000004,52.4,53.5,
equal_split_full_safetyoff,equal_split,full,off,4,,-1.836351233226794,2.798431107565257,31.8,59.290179849172056,31.5,61.46237215344091,97.2,160.7426071797613,53.5,53.76666666666667,53.6,53.23333333333333,52.76666666666667,53.666666666666664,
equal_split_full_safetyoff,equal_split,full,off,5,,-1.8857700767185155,2.7274248881349106,31.4,57.63543980840813,29.5,57.34979196889706,98.6,170.07100193852372,53.166666666666664,53.26666666666667,53.199999999999996,52.73333333333333,52.43333333333334,53.333333333333336,
equal_split_full_safetyoff,equal_split,full,off,6,,-1.6899460987210408,2.2943709118801996,25.4,47.402445238277316,24.099999999999998,47.27892585711955,98.0,159.17705331382055,49.166666666666664,49.4,49.333333333333336,48.93333333333334,48.599999999999994,49.5,
equal_split_full_safetyoff,equal_split,full,off,7,,-1.641862301097774,2.1736215801335215,27.500000000000004,51.13303796646489,24.4,47.70020965765149,97.2,149.34490230682158,49.70000000000001,49.9,49.86666666666667,49.43333333333334,49.06666666666666,50.166666666666664,
equal_split_full_safetyoff,equal_split,full,off,8,,-1.666731983383133,2.009010820368311,21.7,40.34723401407031,20.8,40.81859100031201,99.1,166.52178821714816,47.199999999999996,47.300000000000004,47.23333333333333,47.06666666666666,46.86666666666667,47.43333333333334,
equal_split_full_safetyoff,equal_split,full,off,9,,-1.9047566469065014,2.9698578646513574,33.2,62.132044059905084,31.4,61.263106353198715,98.5,165.52126275025284,54.36666666666667,54.5,54.43333333333334,54.1,53.63333333333333,54.53333333333334,
equal_split_full_safetyon,equal_split,full,on,0,,-1.2179899814933568,2.787554291642854,33.300000000000004,62.95844796821394,30.2,58.98690986077733,56.89999999999999,72.11146270036289,40.13333333333333,42.699999999999996,41.9,38.4,35.93333333333334,40.699999999999996,
equal_split_full_safetyon,equal_split,full,on,1,,-1.2590550114703862,2.8713782889122266,31.7,59.25097804682641,30.099999999999998,58.48071270825043,60.3,81.43922991847793,40.699999999999996,43.0,42.233333333333334,39.266666666666666,36.666666666666664,41.300000000000004,
equal_split_full_safetyon,equal_split,full,on,10,,-1.1671736074491752,2.623308607380208,32.4,60.58760687260784,30.2,59.28165159397299,56.89999999999999,69.09166831466453,39.83333333333333,42.0,41.199999999999996,38.36666666666667,35.300000000000004,40.199999999999996,
equal_split_full_safetyon,equal_split,full,on,11,,-0.9628752472588697,2.074284851498117,27.800000000000004,50.00775272232402,24.8,48.10847060468048,52.800000000000004,58.215160854660205,35.13333333333333,37.23333333333333,36.43333333333333,33.666666666666664,30.566666666666666,35.36666666666667,
equal_split_full_safetyon,equal_split,full,on,12,,-1.0640818422875729,2.310410811822586,30.0,56.07792694016773,26.3,50.919629151346655,54.2,63.08806496747059,36.833333333333336,39.26666666666667,38.43333333333333,35.1,32.166666666666664,37.36666666666667,
equal_split_full_safetyon,equal_split,full,on,13,,-1.3097807396785464,3.101392581641395,34.4,65.04169358233032,35.3,68.86880115734084,58.8,79.19346729803475,42.833333333333336,44.866666666666674,44.300000000000004,41.333333333333336,38.800000000000004,43.199999999999996,
equal_split_full_safetyon,equal_split,full,on,14,,-1.125483260054947,2.5635311437760384,30.7,57.76045210581908,31.1,60.07729858412326,55.00000000000001,67.02035836478287,38.93333333333334,41.166666666666664,40.5,37.199999999999996,34.166666666666664,39.36666666666667,
equal_split_full_safetyon,equal_split,full,on,15,,-1.0069569972027597,2.1938066226630033,29.299999999999997,55.85979113162548,24.7,48.140225404965896,51.6,56.50850632644181,35.199999999999996,37.73333333333333,36.833333333333336,33.56666666666666,30.3,35.666666666666664,
equal_split_full_safetyon,equal_split,full,on,16,,-1.0934895975372907,2.333670452207327,31.900000000000002,60.021579301327236,24.2,47.01719620345841,54.1,62.58563201166679,36.733333333333334,39.06666666666666,38.166666666666664,34.93333333333334,32.5,37.06666666666667,
equal_split_full_safetyon,equal_split,full,on,17,,-1.0026564866266097,2.2143509838890885,26.6,50.11720392557753,25.7,50.10116630269643,54.1,62.311878165752304,35.46666666666667,37.73333333333333,37.0,34.03333333333334,31.166666666666668,35.9,
equal_split_full_safetyon,equal_split,full,on,18,,-1.2854537662438252,3.01363012241792,36.7,69.60717111737601,37.0,72.15609385926213,56.10000000000001,71.02743601959057,43.26666666666667,45.400000000000006,44.833333333333336,41.833333333333336,38.833333333333336,43.699999999999996,
equal_split_full_safetyon,equal_split,full,on,19,,-0.856114766771305,1.8906485845038672,21.7,41.08924489239295,26.1,50.5768351210183,52.7,55.089638442819926,33.5,35.300000000000004,34.766666666666666,32.333333333333336,28.333333333333332,33.9,
equal_split_full_safetyon,equal_split,full,on,2,,-0.9940716473359443,2.246863160861564,26.3,49.33758092976328,24.5,47.20961914740123,53.7,62.065517582601295,34.833333333333336,37.43333333333333,36.46666666666667,33.06666666666667,29.966666666666665,35.400000000000006,
equal_split_full_safetyon,equal_split,full,on,3,,-1.1649144334900061,2.6355318423767855,31.4,58.786920115827876,30.4,59.08378181071805,56.599999999999994,70.73690737599716,39.46666666666666,41.36666666666667,40.86666666666667,37.86666666666667,35.300000000000004,39.800000000000004,
equal_split_full_safetyon,equal_split,full,on,4,,-1.1743645530886522,2.726659403795354,32.1,60.078722613125734,32.2,62.6629797219856,56.699999999999996,69.6972774585806,40.333333333333336,42.43333333333333,41.76666666666667,39.1,35.53333333333333,40.9,
equal_split_full_safetyon,equal_split,full,on,5,,-1.1882794399894325,2.6890249752653768,31.2,58.26612411797556,29.799999999999997,58.070399210643735,57.3,74.2094987584725,39.43333333333333,41.6,40.93333333333333,37.9,35.73333333333333,39.8,
equal_split_full_safetyon,equal_split,full,on,6,,-0.9828033871598555,2.2354372241220615,27.200000000000003,51.67126739290761,24.5,47.80794769028616,51.9,57.78720001802939,34.53333333333333,37.0,36.333333333333336,33.0,29.833333333333332,34.96666666666667,
equal_split_full_safetyon,equal_split,full,on,7,,-0.9776308077489996,2.116342126948146,28.1,53.653137103634975,25.0,48.334075682304686,51.800000000000004,55.66027042911305,34.96666666666667,37.5,36.599999999999994,33.266666666666666,30.233333333333334,35.6,
equal_split_full_safetyon,equal_split,full,on,8,,-0.8775990212169724,1.9539240202614168,21.2,40.49693534750499,22.7,43.77562086293897,52.800000000000004,58.6697487886091,32.233333333333334,34.4,33.8,30.633333333333336,27.666666666666668,32.6,
equal_split_full_safetyon,equal_split,full,on,9,,-1.2605931835878812,2.910530523855167,33.2,62.782162696132154,32.6,63.32216773935437,58.4,76.85982946362748,41.400000000000006,43.300000000000004,42.800000000000004,40.06666666666667,37.0,41.73333333333333,
no_control_full_safetyoff,no_control,full,off,0,,-2.35413465997022,4.858704537414905,65.0,128.4770472721066,43.5,86.82120590583409,67.30000000000001,133.0052346488344,58.6,58.63333333333333,58.6,58.5,58.5,58.666666666666664,
no_control_full_safetyoff,no_control,full,off,1,,-2.2262165680879327,4.994596708147377,44.0,83.73646378876117,56.599999999999994,112.69180490438572,83.5,165.2443295395492,61.36666666666667,61.53333333333333,61.43333333333333,61.199999999999996,61.1,61.5,
no_control_full_safetyoff,no_control,full,off,10,,-2.259053747298827,4.959294368556746,66.2,130.45156121538835,61.9,123.14286707254266,58.4,114.48496811447639,62.166666666666664,62.333333333333336,62.199999999999996,62.03333333333334,61.96666666666666,62.300000000000004,
no_control_full_safetyoff,no_control,full,off,11,,-2.2186880599896095,4.538381996730583,63.4,126.4178037519661,71.5,142.2293024885751,58.4,115.34194111116032,64.43333333333334,64.6,64.53333333333333,64.19999999999999,64.10000000000001,64.7,
no_control_full_safetyoff,no_control,full,off,12,,-2.3817803529276316,4.88405019236617,68.4,134.68287174939275,61.4,122.76100033972956,64.4,126.96681234114702,64.73333333333333,64.8,64.73333333333333,64.63333333333333,64.6,64.8,
no_control_full_safetyoff,no_control,full,off,13,,-2.068704411091744,5.1345120675481155,50.5,97.16658343058438,66.5,132.28221520314125,62.8,125.37883537871447,59.93333333333334,60.13333333333333,60.06666666666666,59.76666666666667,59.56666666666666,60.13333333333333,
no_control_full_safetyoff,no_control,full,off,14,,-2.0574809917048604,4.383263129301188,58.8,116.23404785887126,53.300000000000004,106.37071761151819,55.60000000000001,108.63289009918158,55.9,56.03333333333334,55.9,55.866666666666674,55.800000000000004,56.03333333333334,
no_control_full_safetyoff,no_control,full,off,15,,-2.1272807838099523,4.2259862349006125,64.7,123.48991785434731,54.6,108.73642341740498,55.900000000000006,110.84887203198808,58.400000000000006,58.56666666666667,58.43333333333334,58.400000000000006,58.23333333333334,58.56666666666667,
no_control_full_safetyoff,no_control,full,off,16,,-2.2923969815579075,4.6366388665497835,73.0,145.64402805190252,43.7,85.65434606561124,53.800000000000004,106.10418184663804,56.833333333333336,57.0,56.93333333333334,56.53333333333333,56.26666666666667,57.366666666666674,
no_control_full_safetyoff,no_control,full,off,17,,-2.3710769330624415,4.531539095470489,57.9,111.29193714908213,53.6,106.62297276555634,79.10000000000001,156.69480806260387,63.53333333333334,63.800000000000004,63.56666666666666,63.30000000000001,63.20000000000001,63.9,
no_control_full_safetyoff,no_control,full,off,18,,-2.145773031937259,4.994636958548374,67.5,133.4795124388742,66.0,131.45662291535893,47.9,94.42398515986432,60.46666666666667,60.53333333333333,60.50000000000001,60.33333333333334,60.300000000000004,60.56666666666667,
no_control_full_safetyoff,no_control,full,off,19,,-1.8811260662125142,4.098264393465273,39.0,76.68344936622505,62.9,125.79621808885766,66.8,131.4139148493247,56.23333333333333,56.26666666666667,56.26666666666667,56.199999999999996,56.199999999999996,56.23333333333333,
no_control_full_safetyoff,no_control,full,off,2,,-2.2849932035921596,4.460156728816841,58.5,115.83534520885904,42.6,84.55748214136341,71.3,141.33035259789392,57.46666666666666,57.5,57.5,57.36666666666667,57.20000000000001,57.46666666666666,
no_control_full_safetyoff,no_control,full,off,3,,-2.4130751781343522,4.78344694183588,64.2,126.01322050830082,51.5,103.22440318925658,72.1,143.46449635088433,62.6,62.63333333333333,62.6,62.56666666666666,62.53333333333333,62.86666666666667,
no_control_full_safetyoff,no_control,full,off,4,,-2.233216777975237,4.8372907021708365,61.4,118.96245076610893,60.699999999999996,120.30641562329986,63.5,125.5276570659342,61.86666666666667,61.96666666666667,61.93333333333333,61.699999999999996,61.53333333333333,62.06666666666666,
no_control_full_safetyoff,no_control,full,off,5,,-2.392461795917878,4.831128465230728,57.699999999999996,113.29652831502905,48.0,95.3431025503839,78.60000000000001,155.75856927877206,61.43333333333334,61.5,61.46666666666667,61.366666666666674,61.20000000000001,61.5,
no_control_full_safetyoff,no_control,full,off,6,,-2.1529508989891317,3.8390206704324656,69.3,136.91445516686804,44.800000000000004,89.40442469363822,53.900000000000006,102.74479790946579,56.0,56.1,56.1,55.9,55.79999999999999,56.26666666666667,
no_control_full_safetyoff,no_control,full,off,7,,-2.251679957884852,4.424920991422392,66.7,130.9617045146995,49.6,99.09815689233491,60.4,118.36572439257466,58.900000000000006,59.06666666666666,58.96666666666667,58.833333333333336,58.76666666666666,59.0,
no_control_full_safetyoff,no_control,full,off,8,,-2.1278254382241544,4.426820958799949,44.7,87.97921471391551,58.599999999999994,116.41263117598352,75.5,150.4320073172525,59.6,59.73333333333333,59.63333333333333,59.4,59.300000000000004,59.800000000000004,
no_control_full_safetyoff,no_control,full,off,9,,-2.1619936553172407,4.868377647243415,56.49999999999999,107.09446864729306,58.5,115.45093339461202,65.9,129.87468684917624,60.300000000000004,60.73333333333333,60.43333333333333,59.9,59.56666666666666,60.6,
no_control_full_safetyon,no_control,full,on,0,,-1.269178392720698,2.868104465401702,35.8,67.97101422072411,31.6,62.82790735913678,37.7,70.72619474085447,35.03333333333334,35.56666666666667,35.3,34.733333333333334,34.53333333333333,36.06666666666667,
no_control_full_safetyon,no_control,full,on,1,,-1.3013627572992783,2.962829696021412,33.2,60.96482875901386,33.2,65.28854694773858,43.2,82.66359521743996,36.53333333333334,37.36666666666667,36.96666666666667,36.16666666666667,35.6,38.166666666666664,
no_control_full_safetyon,no_control,full,on,10,,-1.221092541721662,2.7254435230458336,36.1,66.72032069324624,32.6,64.33425003266264,35.6,66.54919475210683,34.76666666666667,35.23333333333333,35.0,34.43333333333333,34.03333333333333,35.43333333333333,
no_control_full_safetyon,no_control,full,on,11,,-0.9961844664510799,2.161079964750585,30.7,55.21303255287859,29.7,57.70389095729214,28.7,53.68230881936094,29.7,30.566666666666663,30.0,29.2,28.599999999999998,31.266666666666666,
no_control_full_safetyon,no_control,full,on,12,,-1.1368598953831976,2.422450294409705,33.0,62.56230229471691,29.4,57.76029876932572,33.300000000000004,62.390716563062966,31.900000000000002,32.43333333333334,32.199999999999996,31.366666666666664,31.03333333333333,32.96666666666667,
no_control_full_safetyon,no_control,full,on,13,,-1.3494658338012018,3.181672206481312,36.4,68.02223893613056,39.2,77.91035282521206,41.0,78.50332999176966,38.86666666666667,39.53333333333333,39.166666666666664,38.56666666666666,38.03333333333333,40.699999999999996,
no_control_full_safetyon,no_control,full,on,14,,-1.1532997071634052,2.6349034525385844,33.7,62.287228603189405,33.5,66.39390472730587,34.1,62.92493194780493,33.76666666666667,34.23333333333333,34.0,33.333333333333336,33.06666666666666,34.76666666666667,
no_control_full_safetyon,no_control,full,on,15,,-1.0408860649642298,2.256639274039803,32.7,60.748516335444144,26.900000000000002,52.346790584095565,28.599999999999998,52.85925214151591,29.400000000000002,29.733333333333334,29.533333333333335,28.866666666666664,28.599999999999994,29.833333333333332,
no_control_full_safetyon,no_control,full,on,16,,-1.1470049224632308,2.420435034818974,35.3,67.08436773906917,26.0,50.610794427908694,31.7,58.949501751022794,31.0,31.233333333333334,31.133333333333336,30.666666666666668,30.2,31.599999999999998,
no_control_full_safetyon,no_control,full,on,17,,-1.0685759914973323,2.3027035596648178,29.9,54.51459070609684,29.099999999999998,57.2360354552995,34.9,63.469618565071634,31.3,31.933333333333326,31.566666666666663,31.03333333333333,30.599999999999998,32.43333333333333,
no_control_full_safetyon,no_control,full,on,18,,-1.318090802316226,3.083097136431281,39.4,74.81094399953061,39.7,78.41688626509793,35.8,66.86225298860381,38.3,38.8,38.56666666666667,37.833333333333336,37.63333333333333,39.233333333333334,
no_control_full_safetyon,no_control,full,on,19,,-0.8602393707880904,1.9620359045241968,23.5,42.35575356292471,29.2,57.97404868004688,28.799999999999997,51.367775399848256,27.166666666666668,27.7,27.266666666666666,26.900000000000002,26.433333333333334,28.53333333333333,
no_control_full_safetyon,no_control,full,on,2,,-1.0372332030283014,2.3149427219742242,30.0,54.09107717209835,24.9,48.770532326763465,32.5,60.09050180689121,29.133333333333336,29.733333333333334,29.433333333333334,28.7,28.400000000000002,30.066666666666666,
no_control_full_safetyon,no_control,full,on,3,,-1.2369938138799612,2.72463369133495,35.3,65.17903601743032,33.2,65.96795017034619,37.8,70.52789866416221,35.43333333333333,35.96666666666667,35.733333333333334,35.06666666666667,34.73333333333333,37.53333333333333,
no_control_full_safetyon,no_control,full,on,4,,-1.217332355039414,2.7985571374199174,35.199999999999996,65.1131274451486,35.3,69.35244946486371,36.5,67.13203271708166,35.666666666666664,36.166666666666664,35.9,35.33333333333333,34.833333333333336,36.599999999999994,
no_control_full_safetyon,no_control,full,on,5,,-1.2216459228605319,2.767903712250294,33.300000000000004,60.74926168469349,31.1,61.91356552060616,39.300000000000004,73.52894290569101,34.56666666666667,35.4,34.800000000000004,34.36666666666667,33.800000000000004,35.63333333333333,
no_control_full_safetyon,no_control,full,on,6,,-0.9954613253238492,2.2767239178962324,30.099999999999998,56.59035356079362,26.1,50.76504678563113,27.6,51.38938904933497,27.933333333333337,28.433333333333337,28.066666666666663,27.53333333333333,27.333333333333332,28.46666666666667,
no_control_full_safetyon,no_control,full,on,7,,-1.021408980159134,2.1897585078520123,32.1,59.343189858707525,25.8,50.79591406995798,28.599999999999998,52.469111388279806,28.833333333333332,29.3,28.933333333333334,28.400000000000002,28.066666666666663,30.166666666666668,
no_control_full_safetyon,no_control,full,on,8,,-0.8973791419107643,2.032625289161049,22.900000000000002,41.110300887974866,25.4,49.86040861490322,30.9,57.92204648039476,26.399999999999995,26.933333333333337,26.733333333333334,25.96666666666667,25.5,27.566666666666663,
no_control_full_safetyon,no_control,full,on,9,,-1.2761577423812624,2.968622425939076,34.8,65.06890900138207,34.9,69.34925018080112,39.6,74.07967787423989,36.43333333333333,37.5,36.76666666666666,35.96666666666667,35.43333333333333,38.666666666666664,
ppo_full_safetyoff,ppo,full,off,0,251904.0,-1.0315735448049765,4.942178677669546,17.9,31.14463788937113,98.0,195.95347424321508,32.1,57.14167292415568,49.333333333333336,49.5,49.4,49.26666666666666,49.13333333333333,49.43333333333333,
ppo_full_safetyoff,ppo,full,off,1,276480.0,-1.1714797917181394,4.833652472770806,32.1,59.67235046036208,97.7,195.32685750558866,31.2,44.21702053734592,53.666666666666664,53.833333333333336,53.800000000000004,53.5,53.36666666666667,53.86666666666667,
ressdhppo_full_safetyoff,ressdhppo,full,off,0,126976.0,-22.383912428857457,2.8108380680634037,34.4,64.77972052016985,30.599999999999998,60.60749685852099,32.6,62.26211693891606,32.53333333333333,32.699999999999996,32.699999999999996,32.300000000000004,32.26666666666667,33.1,0.14613365189356053
ressdhppo_full_safetyoff,ressdhppo,full,off,1,225280.0,-23.215020245196502,2.9017241887234473,32.7,61.69832201395147,30.5,60.1940453983375,37.8,71.37600903517549,33.666666666666664,34.13333333333333,34.0,33.5,33.199999999999996,34.36666666666667,0.1425974805440221
sdhppo_full_safetyoff,sdhppo,full,off,0,75776.0,-1.1585634682027968,4.597232144489583,38.5,74.40816293671034,94.6,188.31676513606322,19.8,27.091724185731234,50.96666666666667,51.133333333333326,50.96666666666667,50.699999999999996,50.46666666666667,51.26666666666667,
sdhppo_full_safetyoff,sdhppo,full,off,1,176128.0,-1.7697279983213976,4.824500028235474,68.30000000000001,134.8332192059788,58.3,116.11868736588357,30.0,43.87277087756926,52.20000000000001,52.699999999999996,52.43333333333334,52.06666666666666,51.699999999999996,52.699999999999996,
threshold_full_safetyoff,threshold,full,off,0,,-1.8413926036451318,2.9251941415953837,69.39999999999999,103.91276691179499,65.5,115.94680835004066,70.39999999999999,107.0702753362601,68.43333333333332,73.06666666666666,70.76666666666667,64.43333333333334,60.4,75.5,
threshold_full_safetyoff,threshold,full,off,1,,-1.8696347900516852,3.0142339575712427,67.80000000000001,100.29771251555125,66.0,117.00031002683282,72.7,114.3635334579788,68.83333333333333,73.46666666666667,70.93333333333334,64.73333333333333,61.1,75.60000000000001,
threshold_full_safetyoff,threshold,full,off,10,,-1.7959378912442552,2.764636142183124,68.89999999999999,102.68449518259577,66.2,115.6997855318196,68.60000000000001,103.456553842928,67.89999999999999,72.46666666666665,70.36666666666666,63.333333333333336,59.63333333333335,74.46666666666665,
threshold_full_safetyoff,threshold,full,off,11,,-1.587209842690443,2.234520321290908,66.60000000000001,92.32551026461327,63.5,111.67915112889925,65.9,91.47583778141855,65.33333333333334,70.53333333333335,67.83333333333333,60.800000000000004,56.366666666666674,73.13333333333334,
threshold_full_safetyoff,threshold,full,off,12,,-1.7548790446009537,2.466344830719425,67.80000000000001,99.05677820462505,64.3,112.89330973588562,68.60000000000001,104.42353371926534,66.90000000000002,71.73333333333333,69.23333333333335,62.833333333333336,58.79999999999999,74.06666666666668,
threshold_full_safetyoff,threshold,full,off,13,,-1.886764169044726,3.232619442122917,69.39999999999999,102.79932829823377,69.3,124.4527060580602,71.2,111.62847134304408,69.96666666666665,74.36666666666666,71.83333333333333,66.0,63.1,76.46666666666665,
threshold_full_safetyoff,threshold,full,off,14,,-1.7787578912171225,2.703625812099394,68.7,101.01448825138316,66.7,117.87129268961426,68.60000000000001,103.32617184293366,68.0,72.53333333333333,70.23333333333333,63.56666666666666,60.166666666666664,74.40000000000002,
threshold_full_safetyoff,threshold,full,off,15,,-1.6584211876465984,2.3261825621576095,67.4,97.2956939999786,64.4,109.52916637356694,66.5,94.77134289680855,66.10000000000001,70.5,68.46666666666668,61.0,57.06666666666666,73.06666666666666,
threshold_full_safetyoff,threshold,full,off,16,,-1.7647813796753822,2.4656456893116574,68.4,104.49541084967693,62.6,109.07371490502958,67.10000000000001,99.61498971199994,66.03333333333335,70.8,68.26666666666667,61.5,58.166666666666664,73.36666666666667,
threshold_full_safetyoff,threshold,full,off,17,,-1.7048853781338627,2.3655801127779137,66.2,97.16467062179312,64.3,112.26603082570306,68.60000000000001,100.57460892404754,66.36666666666667,70.76666666666667,68.60000000000001,62.23333333333333,58.166666666666664,73.23333333333333,
threshold_full_safetyoff,threshold,full,off,18,,-1.909240195890072,3.1499574968190713,70.89999999999999,110.2967954032761,69.19999999999999,123.9790641501386,68.8,106.41116320475015,69.63333333333333,73.66666666666667,71.53333333333333,65.60000000000001,61.86666666666667,76.10000000000001,
threshold_full_safetyoff,threshold,full,off,19,,-1.5506942781312856,2.029980360796713,63.7,86.26529681357832,64.0,113.22672129201851,65.4,94.61696145279441,64.36666666666667,68.89999999999999,66.4,60.36666666666667,57.06666666666666,71.16666666666667,
threshold_full_safetyoff,threshold,full,off,2,,-1.689242765033256,2.388343566394653,66.2,96.3753266601061,62.7,107.40474001473034,68.30000000000001,99.68802084031996,65.73333333333333,70.56666666666666,68.16666666666667,61.13333333333333,56.9,72.56666666666666,
threshold_full_safetyoff,threshold,full,off,3,,-1.8378439937394355,2.7871058643495275,68.60000000000001,105.36906628307524,65.7,116.42217871988217,69.89999999999999,105.72772337481837,68.06666666666666,72.76666666666667,70.33333333333333,63.76666666666667,60.333333333333336,75.13333333333333,
threshold_full_safetyoff,threshold,full,off,4,,-1.8272828925657691,2.8740485556437134,68.7,102.60164273181687,67.4,118.29956446978164,69.3,106.75699485785563,68.46666666666668,72.6,70.8,64.10000000000001,60.666666666666664,74.46666666666667,
threshold_full_safetyoff,threshold,full,off,5,,-1.8257929506882393,2.84565537079302,67.5,101.02320044944686,63.5,113.21427398045338,70.3,109.01374901455762,67.10000000000001,72.26666666666667,69.53333333333333,62.86666666666667,59.6,74.96666666666665,
threshold_full_safetyoff,threshold,full,off,6,,-1.6872587100796026,2.348281133735716,67.10000000000001,98.67858026396931,63.0,108.39435864970865,66.4,96.93009780956304,65.50000000000001,70.76666666666667,68.0,60.333333333333336,56.43333333333334,73.36666666666666,
threshold_full_safetyoff,threshold,full,off,7,,-1.6620702618293222,2.248699109975236,67.30000000000001,98.13572031391709,61.3,108.2499728585945,65.9,94.84311529097863,64.83333333333334,70.43333333333334,67.5,60.13333333333333,56.6,72.93333333333334,
threshold_full_safetyoff,threshold,full,off,8,,-1.6026000399816545,2.102048186705721,63.2,89.28640967427927,62.9,106.69710189863193,67.0,98.20890994027597,64.36666666666666,69.10000000000001,66.53333333333333,59.63333333333333,55.20000000000001,72.06666666666666,
threshold_full_safetyoff,threshold,full,off,9,,-1.8603418087954573,3.042341945978036,68.89999999999999,103.4827664734833,67.60000000000001,118.88669642933513,71.39999999999999,109.10046680616267,69.3,73.89999999999999,71.63333333333333,64.53333333333333,61.166666666666664,75.69999999999999,
threshold_full_safetyon,threshold,full,on,0,,-1.8563526897745397,2.9291277062440626,69.19999999999999,104.78735728551241,61.6,112.51194007332646,70.3,107.9254567597837,67.03333333333332,70.96666666666665,69.13333333333333,63.9,60.833333333333336,73.13333333333333,
threshold_full_safetyon,threshold,full,on,1,,-1.8573450225484576,3.013890389460879,67.60000000000001,98.65651886507607,63.2,114.28093423068275,72.8,114.54987237163766,67.86666666666667,71.53333333333335,69.76666666666667,64.7,61.4,73.43333333333334,
threshold_full_safetyon,threshold,full,on,10,,-1.8038872447653802,2.77075009318572,68.7,103.15900250769207,61.8,112.83523415708454,68.30000000000001,103.6995339953259,66.26666666666667,69.86666666666666,68.40000000000002,63.06666666666667,60.23333333333333,71.8,
threshold_full_safetyon,threshold,full,on,11,,-1.62323934315381,2.239584331927417,66.5,93.01854393523679,61.4,109.68235920695204,65.8,95.12889560222655,64.56666666666666,67.86666666666667,66.16666666666667,61.23333333333334,57.93333333333334,70.03333333333335,
threshold_full_safetyon,threshold,full,on,12,,-1.7483688828466384,2.470399180011333,67.80000000000001,100.59151739822029,61.199999999999996,110.4015635155017,68.30000000000001,101.57662368161158,65.76666666666667,69.69999999999999,67.40000000000002,62.333333333333336,59.43333333333334,71.63333333333334,
threshold_full_safetyon,threshold,full,on,13,,-1.882215234941565,3.232926950519711,69.3,102.80749832779034,66.3,121.82763505175258,71.5,110.89626927928425,69.03333333333333,72.2,70.60000000000001,66.3,63.300000000000004,73.96666666666667,
threshold_full_safetyon,threshold,full,on,14,,-1.7664454044562867,2.7060873254551567,68.30000000000001,99.72782473686111,63.800000000000004,116.01976480655144,68.4,102.90278262929135,66.83333333333334,70.06666666666666,68.46666666666668,63.43333333333334,61.1,71.89999999999999,
threshold_full_safetyon,threshold,full,on,15,,-1.7155914030050758,2.336553681273072,67.9,101.56448854684614,59.699999999999996,106.3454075501581,66.3,97.2054976555749,64.63333333333333,68.60000000000001,66.63333333333334,61.46666666666666,58.133333333333326,70.7,
threshold_full_safetyon,threshold,full,on,16,,-1.7423930469749394,2.465349714032369,68.5,102.747716991055,58.699999999999996,106.70541902039899,67.2,98.52495841978168,64.8,69.16666666666667,66.96666666666667,61.6,58.466666666666676,71.03333333333335,
threshold_full_safetyon,threshold,full,on,17,,-1.6801798745044139,2.364351750651307,65.8,94.45660971830961,60.0,108.24122420834757,68.5,100.45192799571252,64.76666666666667,68.93333333333334,66.53333333333335,61.6,58.300000000000004,71.10000000000001,
threshold_full_safetyon,threshold,full,on,18,,-1.8890169711563436,3.1450141996393994,70.7,110.2857264536474,66.2,122.13988598207375,69.0,103.6305136518747,68.63333333333334,72.06666666666668,70.43333333333334,65.93333333333334,63.333333333333336,73.96666666666667,
threshold_full_safetyon,threshold,full,on,19,,-1.5612563717166632,2.034554025932527,62.8,86.42136858681775,60.4,110.21102248818657,65.4,95.73462842444766,62.86666666666667,66.96666666666668,64.63333333333334,60.06666666666666,57.13333333333333,69.03333333333333,
threshold_full_safetyon,threshold,full,on,2,,-1.668610302486532,2.3854614289678904,66.7,94.60159087897071,59.0,107.15737801977943,67.9,98.66342051712468,64.53333333333335,68.66666666666667,66.36666666666667,61.53333333333334,58.633333333333326,70.9,
threshold_full_safetyon,threshold,full,on,3,,-1.8251728431061325,2.7910171224839706,68.5,103.16352703215266,62.7,113.65020456935093,70.1,106.4977458088073,67.1,70.86666666666666,68.86666666666666,64.0,60.63333333333333,72.83333333333334,
threshold_full_safetyon,threshold,full,on,4,,-1.8255130842396434,2.876034127758292,68.4,101.85761900131006,62.8,114.83182552272916,69.19999999999999,107.33204071117338,66.8,70.76666666666665,69.0,63.866666666666674,60.43333333333334,72.46666666666668,
threshold_full_safetyon,threshold,full,on,5,,-1.838454962063055,2.8461941345123623,67.4,102.45130822275131,60.8,112.3979801901318,70.5,108.67409626595546,66.23333333333333,70.0,68.13333333333334,63.5,60.96666666666666,72.06666666666668,
threshold_full_safetyon,threshold,full,on,6,,-1.6725222889966247,2.349369527823632,67.10000000000001,97.44790431478468,59.3,106.01135857751288,66.0,96.19505250987294,64.13333333333334,68.46666666666668,66.30000000000001,60.86666666666667,57.333333333333336,70.66666666666667,
threshold_full_safetyon,threshold,full,on,7,,-1.6841014065368076,2.255093013683679,67.5,100.74175611344768,58.4,105.33130000569214,65.7,94.53366757966484,63.866666666666674,67.89999999999999,66.23333333333333,60.43333333333334,56.93333333333334,69.96666666666667,
threshold_full_safetyon,threshold,full,on,8,,-1.5511708887763924,2.0967946959255483,63.1,85.91243079779001,57.99999999999999,105.32456066190151,66.7,95.08227699886862,62.6,67.39999999999999,64.76666666666667,59.6,56.23333333333333,69.5,
threshold_full_safetyon,threshold,full,on,9,,-1.851300271060985,3.0467070260579714,68.89999999999999,102.55676272332659,64.0,118.37007271993429,70.89999999999999,108.55261052711289,67.93333333333332,71.46666666666665,69.66666666666667,65.13333333333333,62.63333333333333,73.39999999999999,
