cell,n,viol_total,viol_total_lo,viol_total_hi
bcsdhppo_full_safetyoff,2,33.28333333333333,32.733333333333334,33.833333333333336
ddqn_full_safetyoff,2,35.983333333333334,35.699999999999996,36.266666666666666
demand_prop_full_safetyoff,20,29.775000000000006,28.126624999999997,31.42675
demand_prop_full_safetyon,20,29.866666666666667,28.238291666666665,31.506666666666668
dqn_full_safetyoff,2,35.93333333333334,35.06666666666667,36.800000000000004
equal_split_full_safetyoff,20,51.611666666666665,50.541583333333335,52.68833333333333
equal_split_full_safetyon,20,37.788333333333334,36.406625,39.18000000000001
no_control_full_safetyoff,20,60.038333333333334,58.88162499999999,61.21333333333333
no_control_full_safetyon,20,32.60666666666667,30.95991666666667,34.248375
ppo_full_safetyoff,2,51.5,49.333333333333336,53.666666666666664
ressdhppo_full_safetyoff,2,33.099999999999994,32.53333333333333,33.666666666666664
sdhppo_full_safetyoff,2,51.58333333333334,50.96666666666667,52.20000000000001
threshold_full_safetyoff,20,67.06166666666665,66.29662499999999,67.82
threshold_full_safetyon,20,65.81333333333335,65.01666666666665,66.618375
