cell,n,viol_total,viol_total_lo,viol_total_hi,viol_p1,viol_p1_lo,viol_p1_hi,viol_p2,viol_p2_lo,viol_p2_hi,viol_p4,viol_p4_lo,viol_p4_hi,delay_p1,delay_p1_lo,delay_p1_hi,delay_p2,delay_p2_lo,delay_p2_hi,delay_p4,delay_p4_lo,delay_p4_hi,drop_total,drop_total_lo,drop_total_hi,reward,reward_lo,reward_hi,res_mean_abs,res_mean_abs_lo,res_mean_abs_hi
bcsdhppo_full_safetyoff,2,33.28333333333333,32.733333333333334,33.833333333333336,31.950000000000003,30.599999999999998,33.300000000000004,31.15,30.599999999999998,31.7,36.75,33.2,40.300000000000004,61.22943540570321,59.38834866396344,63.07052214744297,61.79282380365915,60.281196296528925,63.304451310789375,69.70366705195008,63.433448212320975,75.97388589157917,2.8566127899276412,2.8198720735218457,2.893353506333437,-1.2039416004722696,-1.234853213600825,-1.1730299873437142,,,
ddqn_full_safetyoff,2,35.983333333333334,35.699999999999996,36.266666666666666,24.65,18.0,31.3,50.35,49.5,51.2,32.95,28.000000000000004,37.9,43.47917197232609,28.621430085513094,58.33691385913909,98.35572594061534,96.72208882318616,99.98936305804453,59.20506680163412,47.55895294622581,70.85118065704242,3.3871095487317464,3.2863674643783876,3.4878516330851053,-1.0197032387424387,-1.0662745606614963,-0.9731319168233811,,,
demand_prop_full_safetyoff,20,29.775000000000006,28.126624999999997,31.42675,30.375000000000007,28.640000000000004,32.02000000000001,28.544999999999998,26.819874999999993,30.285124999999994,30.405,28.609874999999995,32.295,56.740411476737656,53.3641529014567,59.95695098677378,55.576797630039266,52.095766479287214,59.1124699515716,57.02413621234746,53.545252428690546,60.64271254207396,2.504357493669225,2.349234611325032,2.6637735717877664,-1.0521692869116046,-1.11357292456974,-0.9912224172059878,,,
demand_prop_full_safetyon,20,29.866666666666667,28.238291666666665,31.506666666666668,30.290000000000003,28.570000000000004,31.915,28.765000000000004,27.059874999999995,30.525,30.544999999999998,28.724999999999994,32.470125,56.86377876851651,53.594408212262884,60.036857752850175,56.30199982944142,52.85352267456949,59.82576281564533,58.33860990401528,54.84160890846499,62.031423987260254,2.472432380061705,2.3183126521348485,2.6300426807171857,-1.0618026901431241,-1.122542028048632,-1.001939927623392,,,
dqn_full_safetyoff,2,35.93333333333334,35.06666666666667,36.800000000000004,18.75,14.7,22.8,52.25,48.9,55.60000000000001,36.8,33.5,40.1,28.99643622194192,22.692403998349814,35.30046844553403,102.63930058146553,96.8781459962522,108.40045516667887,70.04150787436225,63.76375806689056,76.31925768183393,3.3910879159560374,3.366624259032938,3.415551572879137,-0.9775005022880392,-0.9823679520493255,-0.972633052526753,,,
equal_split_full_safetyoff,20,51.611666666666665,50.541583333333335,52.68833333333333,29.640000000000004,27.860000000000003,31.304999999999996,27.615,25.869874999999993,29.385125,97.58,97.18500000000002,97.95500000000001,55.08578384114418,51.74467634989275,58.246747684747525,53.83471516284965,50.41665188935719,57.325774371655626,158.65781753829268,155.99336413545927,161.28476183808428,2.5213673267204664,2.366347737326465,2.680752926001108,-1.7664764255729104,-1.8098150780663476,-1.7247899861254392,,,
equal_split_full_safetyon,20,37.788333333333334,36.406625,39.18000000000001,29.860000000000007,28.135,31.504999999999995,28.370000000000005,26.679999999999996,30.119999999999997,55.135000000000005,54.065,56.269999999999996,56.172634946173034,52.946298720143304,59.281766818804265,55.14907912087631,51.80934636476131,58.59909375874347,66.16843766298777,62.75954807541388,69.77177294509706,2.474614030992025,2.3206513276243097,2.6325511843963203,-1.0985683888846194,-1.1582618596373413,-1.0396358462173947,,,
no_control_full_safetyoff,20,60.038333333333334,58.88162499999999,61.21333333333333,59.870000000000005,55.90487500000001,63.58,55.489999999999995,51.83,59.08,64.75500000000002,60.76500000000001,68.83999999999999,117.24063058842879,109.15756710131194,124.90149630914708,110.4181623219694,103.10854774780067,117.59344725627508,127.80195324727181,119.76235833524606,136.07601530064142,4.635551582747607,4.4844761572305964,4.777677273823492,-2.2200954746842956,-2.27548485369677,-2.159509690768004,,,
no_control_full_safetyon,20,32.60666666666667,30.95991666666667,34.248375,32.67,30.874875,34.31999999999999,30.839999999999996,28.999875,32.74,34.31,32.36,36.34,60.525019701559714,56.869286931586785,63.90648175694894,60.77894120824976,57.01115876499792,64.61504256051313,63.904413688226896,60.029797138870286,68.03473326258265,2.552758095797798,2.3972805626108467,2.711569476059928,-1.1382926615576427,-1.1999287799294411,-1.0759820377920812,,,
ppo_full_safetyoff,2,51.5,49.333333333333336,53.666666666666664,25.0,17.9,32.1,97.85,97.7,98.0,31.65,31.2,32.1,45.408494174866604,31.14463788937113,59.67235046036208,195.64016587440187,195.32685750558866,195.95347424321508,50.679346730750794,44.21702053734592,57.14167292415568,4.887915575220177,4.833652472770806,4.942178677669546,-1.1015266682615579,-1.1714797917181394,-1.0315735448049765,,,
ressdhppo_full_safetyoff,2,33.099999999999994,32.53333333333333,33.666666666666664,33.55,32.7,34.4,30.549999999999997,30.5,30.599999999999998,35.2,32.6,37.8,63.23902126706066,61.69832201395147,64.77972052016985,60.40077112842924,60.1940453983375,60.60749685852099,66.81906298704577,62.26211693891606,71.37600903517549,2.8562811283934257,2.8108380680634037,2.9017241887234473,-22.799466337026978,-23.215020245196502,-22.383912428857457,0.14436556621879132,0.1425974805440221,0.14613365189356053
sdhppo_full_safetyoff,2,51.58333333333334,50.96666666666667,52.20000000000001,53.400000000000006,38.5,68.30000000000001,76.44999999999999,58.3,94.6,24.9,19.8,30.0,104.62069107134457,74.40816293671034,134.8332192059788,152.21772625097339,116.11868736588357,188.31676513606322,35.482247531650245,27.091724185731234,43.87277087756926,4.710866086362529,4.597232144489583,4.824500028235474,-1.464145733262097,-1.7697279983213976,-1.1585634682027968,,,
threshold_full_safetyoff,20,67.06166666666665,66.29662499999999,67.82,67.635,66.82000000000001,68.39000000000001,65.005,64.055,65.97,68.54500000000002,67.69,69.44500000000001,99.62808300835971,97.14784354208686,101.99993754133538,114.05934740443635,111.88235855394447,116.28439248600625,102.60012607243804,99.92434986567248,105.34849868607432,2.6157522301510494,2.4612914988138908,2.7733935822464044,-1.7547516037342128,-1.8001869724497293,-1.7084493034245374,,,
threshold_full_safetyon,20,65.81333333333335,65.01666666666665,66.618375,67.535,66.675,68.31,61.464999999999996,60.449875000000006,62.515,68.44000000000001,67.555,69.38000000000001,99.34785362187992,96.72900316913537,101.82269834701799,111.71385352790244,109.56185116382441,113.94989966358966,102.38789356925662,99.85793779251946,105.05928446901814,2.6177630212773146,2.4634834645151895,2.7752085423309922,-1.7521568768555145,-1.7964265839825653,-1.7062621962870814,,,
