cell,viol_total,sens_0.5x,sens_0.75x,sens_1.5x,sens_2x,sens_real_train_median
bcsdhppo_full_safetyoff,33.28333333333333,33.81666666666666,33.66666666666667,33.05,32.766666666666666,33.983333333333334
ddqn_full_safetyoff,35.983333333333334,36.88333333333333,36.483333333333334,35.11666666666666,34.56666666666666,37.93333333333334
demand_prop_full_safetyoff,29.775,29.873333333333335,29.82833333333333,29.4,29.358333333333338,30.116666666666667
demand_prop_full_safetyon,29.866666666666667,30.139999999999997,29.918333333333333,29.575,29.47833333333333,30.244999999999997
dqn_full_safetyoff,35.93333333333334,37.03333333333333,36.583333333333336,35.0,34.41666666666667,37.849999999999994
equal_split_full_safetyoff,51.611666666666665,51.82000000000001,51.748333333333335,51.251666666666665,50.91666666666667,51.868333333333325
equal_split_full_safetyon,37.788333333333334,40.025,39.30833333333333,36.24666666666667,33.3,38.22666666666667
no_control_full_safetyoff,60.038333333333334,60.17333333333333,60.089999999999996,59.9,59.78666666666667,60.21666666666666
no_control_full_safetyon,32.60666666666667,33.18833333333333,32.85333333333333,32.22166666666667,31.823333333333334,33.785000000000004
ppo_full_safetyoff,51.5,51.66666666666667,51.6,51.383333333333326,51.25,51.65
ressdhppo_full_safetyoff,33.099999999999994,33.416666666666664,33.349999999999994,32.900000000000006,32.733333333333334,33.733333333333334
sdhppo_full_safetyoff,51.58333333333334,51.91666666666666,51.7,51.383333333333326,51.08333333333333,51.983333333333334
threshold_full_safetyoff,67.06166666666667,71.76,69.34833333333333,62.645,58.94,74.08833333333334
threshold_full_safetyon,65.81333333333333,69.67333333333333,67.72333333333333,62.72833333333333,59.67,71.67666666666666
