step,loss_actor,loss_critic,entropy,mean_reward,clip_fraction,val_reward,val_viol
2048,-0.05994395166635513,39.962974548339844,2.7863235473632812,-0.8958902305668357,0.421875,-1.4974459034949295,40.400000000000006
4096,-0.21823358535766602,36.15226364135742,2.773144006729126,-0.8736590132819647,0.171875,-1.7278376057435578,52.26666666666666
6144,-0.11514565348625183,60.92433166503906,2.771739959716797,-0.7839824444482184,0.375,-1.1491416313044256,36.666666666666664
8192,-0.13370926678180695,55.906593322753906,2.770995616912842,-0.7963096447191498,0.34375,-1.4956899625934392,46.533333333333324
10240,-0.028279196470975876,99.60006713867188,2.753692865371704,-0.7464126998585667,0.3125,-0.9198971406407046,30.533333333333335
12288,-0.03150825947523117,87.12224578857422,2.7644193172454834,-0.9252503220475514,0.3125,-1.2423182274970375,46.79999999999999
14336,-0.2234724760055542,43.834754943847656,2.77591872215271,-0.7156974430143986,0.125,-1.1448485379756583,39.599999999999994
16384,0.16056759655475616,72.46450805664062,2.8094828128814697,-0.733158384443128,0.1875,-1.4004719074894982,44.666666666666664
18432,0.09529779851436615,103.36054229736328,2.8284590244293213,-0.7821815966903605,0.125,-0.9538736123105929,33.06666666666666
20480,0.050618670880794525,49.029685974121094,2.7904398441314697,-0.6757891630865775,0.234375,-1.2679412290689411,39.6
22528,-0.3718684911727905,30.205001831054688,2.811311960220337,-0.6547332952436264,0.171875,-1.3561781668802122,42.8
24576,0.0695117712020874,51.071937561035156,2.830568313598633,-0.7357504890054752,0.09375,-1.1942067188924999,40.13333333333333
26624,-0.26699531078338623,32.6539192199707,2.8414900302886963,-0.6552593786333347,0.25,-0.9565028574049288,35.46666666666666
28672,0.07552303373813629,54.62776565551758,2.831963062286377,-0.6240486816743616,0.140625,-1.1953682874987428,41.06666666666666
30720,-0.33631476759910583,26.765207290649414,2.8439080715179443,-0.6476990370302834,0.1875,-1.1584655404726358,40.533333333333324
32768,-0.033244531601667404,60.878318786621094,2.8422060012817383,-0.5442648108542005,0.15625,-0.9286749323269775,39.2
34816,0.039731353521347046,68.65158081054688,2.8229966163635254,-0.6362020705134015,0.1875,-1.029012606906037,41.333333333333336
36864,0.05628667771816254,60.24725341796875,2.874295949935913,-0.6790532163140514,0.125,-1.4677588671424997,50.26666666666666
38912,0.09085467457771301,71.77558135986328,2.8504278659820557,-0.6963376580755007,0.1875,-1.092358025674828,41.99999999999999
40960,0.0068860966712236404,56.49650573730469,2.8575494289398193,-0.6511264550751225,0.03125,-1.3606725606475911,47.199999999999996
43008,-0.17894719541072845,50.12517547607422,2.839289665222168,-0.6615674754199006,0.15625,-1.558511114673251,52.800000000000004
45056,0.05567128211259842,72.95719909667969,2.8504140377044678,-0.6758264041352482,0.109375,-1.1647664920331133,42.666666666666664
47104,-0.05342143028974533,49.51910400390625,2.857588052749634,-0.7088630901589053,0.140625,-1.640926680922613,54.533333333333324
49152,-0.18790878355503082,59.29169845581055,2.8747997283935547,-0.5910051572894852,0.125,-1.6445662019476925,50.8
51200,-0.10279987007379532,43.34009552001953,2.907592296600342,-0.7167553756081082,0.21875,-0.7457905636376723,35.733333333333334
53248,0.1271921843290329,52.08310317993164,2.9011647701263428,-0.5940776204617444,0.078125,-1.3396022582814726,47.46666666666666
55296,-0.16769447922706604,21.793445587158203,2.891408681869507,-0.5749997108606778,0.046875,-1.9831968172203505,62.8
57344,-0.03898368403315544,19.884605407714844,2.88608455657959,-0.49099540095255395,0.109375,-0.8909412140009049,39.06666666666666
59392,-0.20330582559108734,71.30513000488281,2.9139654636383057,-0.7101097212151528,0.125,-1.2751617014080654,48.133333333333326
61440,0.06601816415786743,76.74417877197266,2.929215908050537,-0.6958608858933708,0.296875,-1.4256450694800507,51.06666666666666
63488,-0.04999323934316635,35.12065124511719,2.9237260818481445,-0.5988390462106048,0.21875,-1.115400662120187,44.800000000000004
65536,-0.010930022224783897,82.33988189697266,2.9273571968078613,-0.561853047220924,0.109375,-1.0565928808160785,45.6
67584,-0.051121681928634644,44.07175064086914,2.9180033206939697,-0.5555565089193335,0.140625,-1.2813214632889385,48.4
69632,-0.0014801118522882462,56.588680267333984,2.952059030532837,-0.5262206166347734,0.125,-1.242935661050567,48.4
71680,-0.11864899098873138,25.497108459472656,2.9449825286865234,-0.5455255611825942,0.046875,-1.07690674131338,44.00000000000001
73728,0.09364433586597443,57.72658920288086,2.9567341804504395,-0.5765401841571147,0.21875,-0.6214103186625489,36.13333333333333
75776,-0.19472840428352356,32.02943420410156,2.918001413345337,-0.4794154260458182,0.125,-1.1826418669326022,47.199999999999996
77824,0.0019775070250034332,26.24803352355957,2.897494316101074,-0.4851399591295077,0.1875,-0.8633839466504578,39.86666666666666
79872,-0.06233510375022888,55.90577697753906,2.9188170433044434,-0.5563173176732639,0.109375,-1.6436178104857928,55.86666666666667
81920,-0.20597776770591736,34.47627639770508,2.8754706382751465,-0.6075350075559554,0.078125,-0.8440049087496856,39.46666666666666
83968,0.18124370276927948,69.41426086425781,2.8752458095550537,-0.5154046551935931,0.25,-1.1930880387532203,45.46666666666666
86016,-0.14476077258586884,55.2696647644043,2.8741509914398193,-0.5629770897420118,0.140625,-1.2039128945523048,47.46666666666667
88064,0.09097708761692047,51.74557876586914,2.879117965698242,-0.5119614469107132,0.21875,-0.881210007880467,40.93333333333334
90112,-0.057542067021131516,52.56696319580078,2.8761746883392334,-0.5357144724092942,0.15625,-1.234596092207347,46.666666666666664
92160,-0.13820083439350128,30.50644302368164,2.8500211238861084,-0.524468625736808,0.140625,-1.3409147505798449,50.13333333333333
94208,-0.023859810084104538,64.65830993652344,2.8344404697418213,-0.622330700850761,0.171875,-0.8310078187813605,38.66666666666666
96256,-0.09990726411342621,57.80558776855469,2.833711862564087,-0.6494802277528959,0.203125,-0.8167248703135856,38.66666666666666
98304,0.17773813009262085,57.791202545166016,2.8586480617523193,-0.5880195841451531,0.171875,-1.435958608577987,52.26666666666667
100352,0.16924013197422028,62.237022399902344,2.8460850715637207,-0.5120163522716308,0.1875,-0.634254371909381,35.86666666666666
102400,0.016469433903694153,39.263641357421875,2.8312623500823975,-0.4262927928912446,0.1875,-0.8995542325802194,40.13333333333333
104448,-0.16844354569911957,24.66921043395996,2.800473690032959,-0.580249343680964,0.125,-1.2689673897351745,46.0
106496,0.060550011694431305,64.45098876953125,2.7947614192962646,-0.535537508231611,0.21875,-0.7449047384247952,36.53333333333333
108544,0.0929962545633316,17.661149978637695,2.751758337020874,-0.3480507896098943,0.25,-1.2448155015436444,47.333333333333336
110592,-0.05514032393693924,42.014957427978516,2.759147882461548,-0.5221956161098484,0.09375,-1.1382143317793825,46.79999999999999
112640,-0.14893841743469238,30.574214935302734,2.771350860595703,-0.44805727413430085,0.09375,-1.2411005514113786,46.79999999999999
114688,-0.1697675883769989,52.814659118652344,2.769998788833618,-0.5239793674781932,0.125,-1.3248487410432321,49.6
116736,0.360446572303772,78.39309692382812,2.764474630355835,-0.4939463103979077,0.125,-0.998794227086436,42.666666666666664
118784,0.14823995530605316,32.21510314941406,2.7278642654418945,-0.3898784134533878,0.1875,-0.7689881748692594,39.2
120832,-0.017282597720623016,25.37421417236328,2.7205562591552734,-0.47657068968206484,0.171875,-1.2642458445983173,48.266666666666666
122880,0.09079794585704803,74.8493423461914,2.705993890762329,-0.5862629344413852,0.140625,-1.071007105635078,45.73333333333333
124928,-0.20013070106506348,46.64674377441406,2.7016849517822266,-0.6242862961118889,0.1875,-1.4309832937509233,49.99999999999999
126976,-0.091560959815979,55.593204498291016,2.7087175846099854,-0.5481085443811726,0.15625,-0.6117265838620543,35.199999999999996
129024,0.08149915933609009,44.542869567871094,2.7210044860839844,-0.4844306841260522,0.171875,-1.1005796032394024,44.266666666666666
131072,0.06693471968173981,71.09461975097656,2.711820363998413,-0.4961945309040671,0.15625,-0.6623113840536605,35.46666666666666
133120,-0.024085339158773422,63.768898010253906,2.732520580291748,-0.5580486984688489,0.15625,-1.1086903872196547,44.93333333333332
135168,0.08072572201490402,54.096900939941406,2.7216298580169678,-0.5581866383726664,0.140625,-1.337374373847856,49.46666666666666
137216,-0.0836397111415863,65.6432876586914,2.70332932472229,-0.6200805103750344,0.078125,-1.4660372420690655,52.400000000000006
139264,-0.16288405656814575,43.790225982666016,2.7008073329925537,-0.5507919255859621,0.15625,-1.2659459592604998,48.79999999999999
141312,-0.008448731154203415,36.500755310058594,2.734283208847046,-0.49728588008415436,0.1875,-1.1882124633140216,45.46666666666666
143360,0.012138258665800095,51.7142333984375,2.731996774673462,-0.5564736630934469,0.1875,-0.8855492597164926,38.93333333333333
145408,-0.2833313047885895,49.875030517578125,2.771850109100342,-0.6193092918644973,0.140625,-1.069500673766679,43.333333333333336
147456,-0.11372209340333939,45.266231536865234,2.7738492488861084,-0.4792208530732342,0.21875,-1.0270686216346314,41.46666666666666
149504,-0.13470235466957092,37.288597106933594,2.799368143081665,-0.5342975384264694,0.0625,-1.2361024072764109,45.86666666666666
151552,0.03233771026134491,48.50069046020508,2.8328897953033447,-0.4900491430396964,0.1875,-1.6604173451852098,56.00000000000001
153600,-0.18051661550998688,40.19840621948242,2.842283248901367,-0.5385596887637862,0.171875,-1.2731762165427432,47.733333333333334
155648,0.14535574615001678,91.30855560302734,2.840299367904663,-0.5861635794107505,0.25,-0.902061380638185,39.6
157696,0.20055970549583435,42.44527053833008,2.841942310333252,-0.41135046269828995,0.28125,-1.5255711649171648,54.0
159744,0.01383887231349945,51.38550567626953,2.8697431087493896,-0.4738596339856491,0.171875,-1.0821986498801321,43.86666666666667
161792,0.1673683226108551,44.70967102050781,2.8855061531066895,-0.5310197067948755,0.234375,-1.2375970471099225,45.73333333333333
163840,0.21709328889846802,99.72206115722656,2.8885176181793213,-0.5649458035358565,0.109375,-1.2058682927770028,46.133333333333326
165888,0.1114896610379219,51.211143493652344,2.889371633529663,-0.4578782998117311,0.078125,-1.3134522612964519,47.06666666666666
167936,-0.09910755604505539,27.016252517700195,2.9003489017486572,-0.4649075775181871,0.0625,-1.2553766357391127,47.733333333333334
169984,-0.16563692688941956,40.34283447265625,2.8800313472747803,-0.5240096269063059,0.109375,-0.6387971286623487,33.333333333333336
172032,0.1251032054424286,57.47230911254883,2.885014057159424,-0.4802461445154206,0.140625,-0.9817048010714204,40.666666666666664
174080,0.0456479974091053,70.95487976074219,2.9315147399902344,-0.5520173568424173,0.09375,-0.7986037033891223,37.46666666666666
176128,-0.13541415333747864,17.347904205322266,2.9499335289001465,-0.3896145960315366,0.15625,-1.4000216729330281,49.33333333333333
178176,-0.18488185107707977,31.215471267700195,2.946065664291382,-0.4018743756628256,0.125,-0.9716635662896985,41.86666666666666
180224,0.04606489837169647,77.43597412109375,2.969236135482788,-0.5171223011423879,0.109375,-0.9270063682056686,38.66666666666666
182272,-0.17489854991436005,33.5782356262207,2.9564104080200195,-0.5960705345120207,0.203125,-0.6586201665854325,34.26666666666666
184320,-0.21486669778823853,27.018802642822266,2.9585440158843994,-0.49691060719984675,0.15625,-0.65078035655364,32.0
186368,-0.14962558448314667,19.88241195678711,2.9928884506225586,-0.4952199096607771,0.109375,-1.2217623035912433,46.93333333333334
188416,0.05357778072357178,53.58927917480469,3.0433766841888428,-0.5989778720384659,0.28125,-1.7335985279450687,56.533333333333324
190464,-0.06664356589317322,36.53466796875,3.040027379989624,-0.48355879701224924,0.0625,-1.1193017837825208,43.73333333333333
192512,-0.14842215180397034,23.966428756713867,3.0914270877838135,-0.474745766434157,0.0625,-1.2493553668857542,46.0
194560,-0.032452162355184555,41.59746170043945,3.0944502353668213,-0.5099906409354856,0.15625,-0.777171107355121,36.13333333333333
196608,-0.08622118085622787,37.963138580322266,3.0880990028381348,-0.5330216101799687,0.15625,-0.9889071638163434,41.733333333333334
198656,-0.15966898202896118,45.25316619873047,3.082252264022827,-0.5489038232707031,0.09375,-0.7842545159376675,34.8
200704,-0.06277844309806824,42.68745803833008,3.0587925910949707,-0.5119915152778955,0.125,-1.5083308674242275,50.8
202752,-0.13692717254161835,57.5650749206543,3.1064417362213135,-0.6148159046156217,0.140625,-1.015901845897002,41.199999999999996
204800,-0.2801869511604309,26.03400421142578,3.132826089859009,-0.5056481906335615,0.109375,-0.9418318852915587,40.0
206848,0.145010843873024,62.73912048339844,3.123012065887451,-0.4632946087835105,0.125,-0.8931289245894765,33.6
208896,-0.13835804164409637,18.422269821166992,3.0980279445648193,-0.5260232357835097,0.21875,-1.2208154796316595,40.666666666666664
210944,-0.14380288124084473,30.99398422241211,3.12101149559021,-0.557484725102921,0.125,-1.2525399869366325,41.46666666666666
212992,-0.02278144657611847,42.558692932128906,3.130005121231079,-0.5351272135670184,0.078125,-1.745423089792853,54.400000000000006
215040,0.011722724884748459,23.615428924560547,3.134826421737671,-0.47312954796567425,0.109375,-0.6910968814876903,28.53333333333333
217088,-0.17194275557994843,23.370359420776367,3.119713306427002,-0.4403948123651453,0.078125,-1.4321477341298126,44.0
219136,-0.10413342714309692,17.913984298706055,3.1378839015960693,-0.4540830088555836,0.171875,-1.1947417307568833,39.33333333333333
221184,-0.1208677589893341,41.732017517089844,3.1287665367126465,-0.5752970010537626,0.140625,-0.8845337190145476,34.39999999999999
223232,0.25754332542419434,69.76276397705078,3.1506993770599365,-0.4787995795864367,0.171875,-0.9725259259461485,36.666666666666664
225280,-0.060737527906894684,17.81011199951172,3.1944143772125244,-0.4899462907337085,0.234375,-0.8527241066674905,32.666666666666664
227328,-0.10124538093805313,22.86494255065918,3.226966619491577,-0.47148281363371203,0.234375,-0.865863952809459,35.86666666666666
229376,0.14881426095962524,63.93239212036133,3.2316362857818604,-0.4168238952444524,0.171875,-0.9078577711901813,35.73333333333333
231424,0.1535683274269104,43.224952697753906,3.2335238456726074,-0.4945551645118873,0.296875,-1.4125237349592008,47.06666666666666
233472,0.011274013668298721,20.192007064819336,3.2727200984954834,-0.4233801485539114,0.234375,-1.0542577603284689,39.6
235520,0.05206675082445145,47.17572784423828,3.2551534175872803,-0.564087872944891,0.125,-1.1066432794782017,44.0
237568,-0.10619795322418213,22.55792236328125,3.2536869049072266,-0.4327775545710206,0.0625,-0.9528299887276933,38.53333333333333
239616,-0.10449749231338501,23.711366653442383,3.2340011596679688,-0.3940965365601815,0.140625,-1.0990196698400105,42.0
241664,0.06271114945411682,29.131778717041016,3.2255666255950928,-0.44476636040153944,0.125,-0.7201410689361003,32.13333333333333
243712,0.0028702542185783386,43.202049255371094,3.221477508544922,-0.47581893310406387,0.109375,-0.9676514677508833,36.4
245760,-0.27990075945854187,34.166107177734375,3.26206374168396,-0.4537053717173862,0.140625,-1.1199201854584913,42.266666666666666
247808,-0.12456095218658447,46.42831802368164,3.271635055541992,-0.6459005266990266,0.234375,-0.5878800818976109,29.46666666666666
249856,-0.23408392071723938,20.640262603759766,3.2934134006500244,-0.5554086503067802,0.078125,-0.8542077787263049,37.333333333333336
251904,0.05977368354797363,52.23920822143555,3.2861056327819824,-0.45527529336268513,0.125,-0.8681086150874885,34.8
253952,0.18745660781860352,96.49923706054688,3.305429220199585,-0.5056996939302326,0.25,-1.0009626741829722,39.86666666666666
256000,0.06504325568675995,33.818702697753906,3.287658452987671,-0.43915058334033485,0.1875,-0.7066547247730834,32.533333333333324
258048,-0.013695776462554932,45.80974197387695,3.333561420440674,-0.49226675606285425,0.21875,-0.9565321043817867,39.6
260096,-0.08530806750059128,36.95378112792969,3.342366933822632,-0.404487948047699,0.296875,-1.122788951606106,42.666666666666664
262144,-0.18003255128860474,7.019664287567139,3.308939218521118,-0.41130923865389657,0.234375,-1.0488456782859512,40.8
264192,0.05111129209399223,22.284034729003906,3.2865827083587646,-0.42686817799797366,0.25,-0.7430635580466513,33.2
266240,0.006746046245098114,61.15387725830078,3.301147699356079,-0.4800171426603577,0.265625,-0.7443147441137458,34.53333333333333
268288,-0.06123409420251846,68.51048278808594,3.2933828830718994,-0.5215962985579831,0.109375,-1.2044555139551665,45.86666666666666
270336,-0.23306956887245178,44.518890380859375,3.332014322280884,-0.5209977064534201,0.171875,-0.9487688110867887,39.2
272384,-0.1433652937412262,46.091758728027344,3.3471601009368896,-0.5095691545218255,0.171875,-1.5252343615364392,52.13333333333332
274432,0.11423005163669586,31.429414749145508,3.3395845890045166,-0.5109817983619775,0.0625,-1.5629393224652488,53.866666666666674
276480,-0.05787473917007446,45.92714309692383,3.3581128120422363,-0.5243522695632913,0.125,-0.8584243347325494,36.0
278528,-0.16332347691059113,26.476337432861328,3.360175848007202,-0.48185024621464934,0.109375,-0.6085280936685719,32.66666666666666
280576,-0.08203954249620438,28.132814407348633,3.3855061531066895,-0.4980282887711672,0.09375,-0.7809275291268025,34.266666666666666
282624,0.2700464725494385,118.02779388427734,3.3874776363372803,-0.5266096855154697,0.21875,-1.4004561426384106,47.99999999999999
284672,0.06131889298558235,57.7462043762207,3.3872838020324707,-0.5110815475182988,0.125,-0.8074548466357181,36.266666666666666
286720,-0.046205826103687286,52.700382232666016,3.398458480834961,-0.482968856944782,0.09375,-1.0435458337491705,42.8
288768,-0.046973779797554016,58.69774627685547,3.422008752822876,-0.5596951074099412,0.125,-1.1262358473547016,42.0
290816,-0.20817020535469055,21.949575424194336,3.440925121307373,-0.5145698294256598,0.15625,-1.3614020157089317,49.733333333333334
292864,-0.07396635413169861,24.3063907623291,3.4446277618408203,-0.47762455935104753,0.0625,-1.0067347284592079,38.266666666666666
294912,-0.09439373016357422,27.5600528717041,3.4492430686950684,-0.4703756622075944,0.171875,-1.100478506120668,43.2
296960,0.0784149020910263,39.71600341796875,3.450507879257202,-0.42140709206863436,0.15625,-0.5692174263097343,32.4
299008,-0.03488342836499214,67.2955093383789,3.460233449935913,-0.5214162523340767,0.234375,-1.4991474538387737,50.93333333333333
301056,-0.16341370344161987,45.78471374511719,3.46494460105896,-0.5690795268843454,0.171875,-1.2086589729500465,47.46666666666666
