perbandingan,slice,lag,acf_a,acf_b,abs_diff
batas: riil-train vs riil-val,p1,1,0.8692419012474033,0.9141920066162259,0.0449501053688226
batas: riil-train vs riil-val,p1,2,0.723594404066667,0.8002034271709862,0.07660902310431927
batas: riil-train vs riil-val,p1,3,0.606470920964108,0.6902193276647555,0.08374840670064743
batas: riil-train vs riil-val,p1,4,0.487947227995243,0.5895689036814493,0.10162167568620634
batas: riil-train vs riil-val,p1,5,0.3754989504242059,0.5128062942504715,0.13730734382626564
batas: riil-train vs riil-val,p1,6,0.2698546712094747,0.4406559323396858,0.1708012611302111
batas: riil-train vs riil-val,p1,7,0.17830669145185876,0.3858747732958715,0.20756808184401274
batas: riil-train vs riil-val,p1,8,0.11944212805173171,0.3402937268824982,0.2208515988307665
batas: riil-train vs riil-val,p1,9,0.09472897714389344,0.2926984209056853,0.19796944376179187
batas: riil-train vs riil-val,p1,10,0.07988013890641017,0.24308584722195103,0.16320570831554088
batas: riil-train vs riil-val,p2,1,0.8692120150133793,0.9085427656001003,0.039330750586720975
batas: riil-train vs riil-val,p2,2,0.7293769736253907,0.7995552129176859,0.07017823929229527
batas: riil-train vs riil-val,p2,3,0.6091599961741263,0.6835685308595617,0.0744085346854354
batas: riil-train vs riil-val,p2,4,0.48899702687583335,0.5835259843587498,0.09452895748291645
batas: riil-train vs riil-val,p2,5,0.3759741968480101,0.5088143930303857,0.13284019618237558
batas: riil-train vs riil-val,p2,6,0.2719793847892143,0.4435178096902473,0.171538424901033
batas: riil-train vs riil-val,p2,7,0.17824922996073428,0.38924045297428445,0.21099122301355017
batas: riil-train vs riil-val,p2,8,0.12235349466859127,0.3447309807875754,0.22237748611898414
batas: riil-train vs riil-val,p2,9,0.09352331534431253,0.29329261024595565,0.19976929490164314
batas: riil-train vs riil-val,p2,10,0.08008351104011115,0.24089511135225658,0.16081160031214542
batas: riil-train vs riil-val,p4,1,0.8549557477585705,0.9135990938194899,0.058643346060919366
batas: riil-train vs riil-val,p4,2,0.7054739014783727,0.8002394527459631,0.09476555126759034
batas: riil-train vs riil-val,p4,3,0.5849128486244854,0.6851022920526971,0.10018944342821168
batas: riil-train vs riil-val,p4,4,0.47482789111127194,0.5889142887555807,0.11408639764430878
batas: riil-train vs riil-val,p4,5,0.3716239702161064,0.5147618504138054,0.14313788019769902
batas: riil-train vs riil-val,p4,6,0.2655064953930218,0.4433528854270105,0.17784639003398872
batas: riil-train vs riil-val,p4,7,0.17985750187914942,0.38471358779730014,0.20485608591815072
batas: riil-train vs riil-val,p4,8,0.1267715374215017,0.3361225028589454,0.2093509654374437
batas: riil-train vs riil-val,p4,9,0.09175709310012314,0.28919248317995155,0.1974353900798284
batas: riil-train vs riil-val,p4,10,0.07750335958808113,0.2408171331563706,0.16331377356828947
sintetis vs riil-train,p1,1,0.6731931318600095,0.8692419012474033,0.1960487693873938
sintetis vs riil-train,p1,2,0.5796096281558848,0.723594404066667,0.14398477591078218
sintetis vs riil-train,p1,3,0.44998733856462486,0.606470920964108,0.15648358239948318
sintetis vs riil-train,p1,4,0.3519782043974736,0.487947227995243,0.13596902359776936
sintetis vs riil-train,p1,5,0.1988604349771466,0.3754989504242059,0.1766385154470593
sintetis vs riil-train,p1,6,0.09680619987188227,0.2698546712094747,0.17304847133759244
sintetis vs riil-train,p1,7,0.03109477344074208,0.17830669145185876,0.1472119180111167
sintetis vs riil-train,p1,8,0.003693967482519389,0.11944212805173171,0.11574816056921232
sintetis vs riil-train,p1,9,-0.0806837159621955,0.09472897714389344,0.17541269310608895
sintetis vs riil-train,p1,10,-0.10188133522885431,0.07988013890641017,0.1817614741352645
sintetis vs riil-train,p2,1,0.7231351387843851,0.8692120150133793,0.14607687622899423
sintetis vs riil-train,p2,2,0.5948027727277537,0.7293769736253907,0.13457420089763694
sintetis vs riil-train,p2,3,0.4744119371246677,0.6091599961741263,0.13474805904945858
sintetis vs riil-train,p2,4,0.3561070344707828,0.48899702687583335,0.13288999240505056
sintetis vs riil-train,p2,5,0.26669940083717536,0.3759741968480101,0.10927479601083473
sintetis vs riil-train,p2,6,0.18889785812857052,0.2719793847892143,0.08308152666064378
sintetis vs riil-train,p2,7,0.10592582174257946,0.17824922996073428,0.07232340821815482
sintetis vs riil-train,p2,8,0.03462609128520823,0.12235349466859127,0.08772740338338304
sintetis vs riil-train,p2,9,-0.0389055600840182,0.09352331534431253,0.13242887542833073
sintetis vs riil-train,p2,10,-0.11351279610605094,0.08008351104011115,0.1935963071461621
sintetis vs riil-train,p4,1,0.6982890799266449,0.8549557477585705,0.15666666783192562
sintetis vs riil-train,p4,2,0.6032400942361841,0.7054739014783727,0.10223380724218867
sintetis vs riil-train,p4,3,0.4797267201178893,0.5849128486244854,0.10518612850659614
sintetis vs riil-train,p4,4,0.33679158437005813,0.47482789111127194,0.1380363067412138
sintetis vs riil-train,p4,5,0.23906750210729494,0.3716239702161064,0.13255646810881144
sintetis vs riil-train,p4,6,0.14329468684561236,0.2655064953930218,0.12221180854740943
sintetis vs riil-train,p4,7,0.06113030091845288,0.17985750187914942,0.11872720096069654
sintetis vs riil-train,p4,8,0.024009961827705577,0.1267715374215017,0.10276157559379613
sintetis vs riil-train,p4,9,-0.060373866779451814,0.09175709310012314,0.15213095987957495
sintetis vs riil-train,p4,10,-0.09138719808503713,0.07750335958808113,0.16889055767311828
