data,slice,baris,mean,sd,min,p5,p50,p95,max
riil-train (real_only),p1,613,3.553856430668842,0.9615452814481285,0.310264,3.115896,3.307888,6.818041599999995,7.751752
riil-train (real_only),p2,613,3.553844241435563,0.9605678352227892,0.29716,3.112896,3.306144,6.819003199999994,8.112864
riil-train (real_only),p4,613,4.274322375203915,0.9762425093367565,0.338632,3.7080352,4.0424,7.5991151999999955,8.573064
sintetis (aug_subsample),p1,613,3.4106617678854403,0.3232453659335458,2.4420663487837624,2.8966692074719584,3.388882837780919,3.9688429506051506,4.653143412236354
sintetis (aug_subsample),p2,613,3.41977957027479,0.33401434110167383,2.423070439648963,2.9071585766845724,3.3808506003808145,4.000750041753841,4.378175453944287
sintetis (aug_subsample),p4,613,4.142513608562769,0.3326957410817492,3.3092201834225685,3.6319280376061642,4.127389798534911,4.691699933167556,5.102725313012996
riil-val,p1,204,4.354523568627451,1.7004976794802644,3.075304,3.1313975999999997,3.3227919999999997,7.2528256,7.648608
riil-val,p2,204,4.356365764705882,1.7070768150931335,3.080952,3.1373,3.322712,7.338132,7.81376
riil-val,p4,204,5.076193333333333,1.709889687981112,3.665288,3.7055852,4.055872,8.023422400000001,8.57444
