cell,n,iqm_viol,ci_lo,ci_hi
bcsdhppo_full_safetyoff,20,36.08333333333333,34.07666666666667,39.88008333333333
bcsdhppo_full_safetyon,20,33.42333333333333,31.310000000000002,36.41675
ddqn_aug_subsample_safetyoff,20,37.81333333333333,36.16666666666667,40.23341666666666
ddqn_aug_subsample_safetyon,20,39.196666666666665,36.81666666666666,42.003416666666666
ddqn_full_safetyoff,20,45.730000000000004,44.28000000000001,47.353500000000004
ddqn_full_safetyon,20,43.21,41.039833333333334,45.896666666666675
ddqn_real_only_safetyoff,20,43.14000000000001,40.509916666666676,45.86683333333334
ddqn_real_only_safetyon,20,42.666666666666664,40.96658333333333,45.35358333333333
demand_prop_full_safetyoff,20,33.36333333333333,31.449916666666674,35.94666666666666
demand_prop_full_safetyon,20,33.27666666666667,31.396583333333336,35.720083333333335
dqn_aug_subsample_safetyoff,20,37.660000000000004,35.04991666666667,40.24999999999999
dqn_aug_subsample_safetyon,20,39.016666666666666,36.75658333333333,41.239999999999995
dqn_full_safetyoff,20,44.443333333333335,42.39,46.63675
dqn_full_safetyon,20,43.61666666666667,41.39333333333333,46.236749999999994
dqn_real_only_safetyoff,20,42.67333333333333,40.17,44.010000000000005
dqn_real_only_safetyon,20,43.49333333333333,42.07,45.56674999999999
equal_split_full_safetyoff,20,52.013333333333335,50.68333333333333,53.82341666666667
equal_split_full_safetyon,20,42.75333333333334,41.13000000000001,44.85675
no_control_full_safetyoff,20,61.160000000000004,59.14666666666666,62.93333333333332
no_control_full_safetyon,20,36.943333333333335,35.16,39.036750000000005
ppo_aug_subsample_safetyoff,20,51.30666666666666,49.65658333333333,54.51683333333333
ppo_aug_subsample_safetyon,20,41.129999999999995,38.16316666666667,43.440000000000005
ppo_full_safetyoff,20,50.31333333333333,49.24666666666666,52.293416666666666
ppo_full_safetyon,20,42.88666666666667,40.733250000000005,44.87675000000001
ppo_real_only_safetyoff,20,50.02,48.24000000000001,52.633333333333326
ppo_real_only_safetyon,20,42.01,38.56658333333334,45.16341666666667
ressdhppo_full_safetyoff,20,33.89333333333333,31.919916666666662,36.34008333333333
ressdhppo_full_safetyon,20,33.470000000000006,31.34991666666667,35.73675
sdhppo_aug_subsample_safetyoff,20,51.93333333333334,50.54333333333334,54.283500000000004
sdhppo_aug_subsample_safetyon,20,43.269999999999996,41.38991666666667,45.90341666666667
sdhppo_full_safetyoff,20,51.00333333333333,49.8,53.05666666666666
sdhppo_full_safetyon,20,42.28333333333334,39.69316666666668,45.21
sdhppo_no_dueling_safetyoff,20,51.61,49.67666666666666,54.6
sdhppo_no_dueling_safetyon,20,42.61,40.85991666666667,45.276666666666664
sdhppo_real_only_safetyoff,20,50.849999999999994,49.75333333333333,52.50333333333333
sdhppo_real_only_safetyon,20,43.400000000000006,40.79666666666667,45.76333333333333
threshold_full_safetyoff,20,69.77666666666667,69.11658333333332,70.71675
threshold_full_safetyon,20,68.74333333333334,67.84658333333333,69.82333333333334
