pair,p_X_better,ci_lo,ci_hi
a: ppo_full_safetyon vs ppo_full_safetyoff,0.90125,0.775,0.995
a: sdhppo_full_safetyon vs sdhppo_full_safetyoff,0.93,0.83,0.9925
a: dqn_full_safetyon vs dqn_full_safetyoff,0.55125,0.3675,0.7325
a: ddqn_full_safetyon vs ddqn_full_safetyoff,0.66125,0.48,0.8325
a: demand_prop_full_safetyon vs demand_prop_full_safetyoff,0.52375,0.3425,0.7025
a: no_control_full_safetyon vs no_control_full_safetyoff,1.0,1.0,1.0
a: equal_split_full_safetyon vs equal_split_full_safetyoff,0.9375,0.85,0.9975
a: threshold_full_safetyon vs threshold_full_safetyoff,0.65625,0.4775,0.8225
b: sdhppo_full_safetyon vs demand_prop_full_safetyon,0.1225,0.03,0.2425
c: ppo_full_safetyoff vs ppo_real_only_safetyoff,0.4575,0.2775,0.6400624999999991
c: ppo_full_safetyoff vs ppo_aug_subsample_safetyoff,0.56375,0.3825,0.7350312499999996
c: ppo_real_only_safetyoff vs ppo_aug_subsample_safetyoff,0.60375,0.4175,0.77375
c: sdhppo_full_safetyoff vs sdhppo_real_only_safetyoff,0.47375,0.2925,0.66
c: sdhppo_full_safetyoff vs sdhppo_aug_subsample_safetyoff,0.595,0.42,0.765
c: sdhppo_real_only_safetyoff vs sdhppo_aug_subsample_safetyoff,0.60625,0.4275,0.775
c: dqn_full_safetyoff vs dqn_real_only_safetyoff,0.3425,0.185,0.525
c: dqn_full_safetyoff vs dqn_aug_subsample_safetyoff,0.1675,0.0525,0.3025
c: dqn_real_only_safetyoff vs dqn_aug_subsample_safetyoff,0.29125,0.13,0.46625
c: ddqn_full_safetyoff vs ddqn_real_only_safetyoff,0.3225,0.165,0.5025
c: ddqn_full_safetyoff vs ddqn_aug_subsample_safetyoff,0.12,0.0175,0.2525
c: ddqn_real_only_safetyoff vs ddqn_aug_subsample_safetyoff,0.23125,0.09871875000000029,0.39
e: ressdhppo_full_safetyon vs demand_prop_full_safetyon,0.48875,0.31125,0.67
e: bcsdhppo_full_safetyon vs demand_prop_full_safetyon,0.50125,0.31625,0.685
