cell,n,viol_total,viol_total_lo,viol_total_hi,scen_diurnal,scen_diurnal_lo,scen_diurnal_hi,scen_flash,scen_flash_lo,scen_flash_hi
bcsdhppo_full_safetyoff,20,36.87499999999999,34.011624999999995,39.74004166666666,51.38833333333334,48.63820833333334,54.40008333333334,41.825,39.129999999999995,44.620083333333326
bcsdhppo_full_safetyon,20,33.786666666666676,31.306666666666672,36.215291666666666,50.513333333333335,47.79329166666666,53.41341666666667,43.325,40.491666666666674,46.11841666666667
ddqn_aug_subsample_safetyoff,20,38.48,36.32333333333334,40.72508333333333,40.788333333333334,38.346625,43.41683333333333,41.18666666666667,39.053333333333335,43.38504166666667
ddqn_aug_subsample_safetyon,20,39.28000000000001,37.01833333333333,41.50504166666666,48.94333333333334,46.20829166666666,51.77,45.09166666666666,42.591583333333325,47.57004166666666
ddqn_full_safetyoff,20,45.946666666666665,44.59158333333333,47.313375,47.419999999999995,45.01995833333333,49.93841666666666,49.678333333333335,48.29991666666666,51.171708333333335
ddqn_full_safetyon,20,44.053333333333335,41.58495833333333,46.698375000000006,52.17666666666666,49.42154166666667,55.01666666666667,51.736666666666665,49.14829166666666,54.44337500000001
ddqn_real_only_safetyoff,20,43.13,41.281666666666666,44.96504166666667,52.48166666666667,50.08658333333333,54.82000000000001,48.38333333333333,46.49833333333333,50.343333333333334
ddqn_real_only_safetyon,20,43.379999999999995,41.10158333333333,45.86183333333333,56.123333333333335,54.235,58.089999999999996,51.85166666666667,49.38824999999999,54.38004166666668
demand_prop_full_safetyoff,20,33.87,31.51658333333333,36.25504166666667,53.425,50.62825000000001,56.39666666666667,37.97500000000001,35.51329166666667,40.493416666666654
demand_prop_full_safetyon,20,33.74666666666667,31.405,36.11520833333333,50.79833333333333,47.993125,53.79,44.223333333333336,41.46,47.03499999999999
dqn_aug_subsample_safetyoff,20,37.97500000000001,35.654958333333326,40.42841666666666,40.480000000000004,38.16166666666667,42.85166666666667,39.78166666666667,37.371624999999995,42.215041666666664
dqn_aug_subsample_safetyon,20,39.260000000000005,37.015,41.628375000000005,49.36666666666666,46.40333333333333,52.31999999999999,45.19,42.76329166666667,47.73508333333333
dqn_full_safetyoff,20,44.43666666666667,42.70666666666667,46.16000000000001,45.230000000000004,42.699958333333335,47.81675,47.989999999999995,46.076625,49.985125
dqn_full_safetyon,20,44.29833333333333,41.604958333333336,47.10670833333334,51.46833333333334,48.63,54.50170833333335,51.394999999999996,48.565,54.31366666666666
dqn_real_only_safetyoff,20,41.55833333333334,39.47995833333333,43.42166666666667,52.30500000000001,50.188,54.370000000000005,46.15,43.98491666666666,48.123333333333335
dqn_real_only_safetyon,20,43.79166666666667,41.27162500000001,46.356833333333334,55.69166666666668,52.62658333333334,58.77670833333333,51.88499999999999,49.146541666666664,54.65512499999999
equal_split_full_safetyoff,20,52.385000000000005,50.815,53.99004166666668,52.6,49.89825,55.51004166666667,56.7,54.973291666666675,58.47170833333334
equal_split_full_safetyon,20,43.160000000000004,41.213166666666666,45.153375,51.211666666666666,48.41833333333334,54.17837500000001,51.07000000000001,48.804916666666664,53.37004166666667
no_control_full_safetyoff,20,60.91333333333332,59.52662499999999,62.28170833333333,61.248333333333335,60.01666666666667,62.48504166666666,64.82166666666667,63.56495833333333,66.05166666666666
no_control_full_safetyon,20,37.34,35.10824999999999,39.66179166666667,50.196666666666665,47.519999999999996,52.99675,46.95,44.3515,49.614999999999995
ppo_aug_subsample_safetyoff,20,53.02,50.631666666666675,55.70004166666667,55.56666666666666,52.798291666666664,58.576791666666665,54.841666666666676,51.97162499999999,57.980000000000004
ppo_aug_subsample_safetyon,20,40.864999999999995,38.581624999999995,43.13670833333334,51.459999999999994,48.813291666666665,54.20670833333333,48.88666666666667,46.06824999999999,51.598333333333336
ppo_full_safetyoff,20,51.50333333333333,49.62495833333333,53.67004166666667,54.55499999999999,52.351625000000006,56.89508333333333,53.35833333333333,51.023208333333336,55.941708333333345
ppo_full_safetyon,20,42.83333333333334,40.55833333333334,45.03670833333334,52.60666666666667,49.84666666666667,55.515125000000005,50.89333333333334,48.55820833333333,53.271708333333336
ppo_real_only_safetyoff,20,51.06666666666667,48.8,53.488375,54.90000000000001,52.711666666666666,57.208375000000004,53.765,51.47833333333333,56.28004166666666
ppo_real_only_safetyon,20,42.22833333333334,39.66495833333333,44.79170833333333,52.97833333333334,50.20995833333333,55.86508333333334,50.57666666666667,47.87333333333333,53.28837500000001
ressdhppo_full_safetyoff,20,34.391666666666666,32.04816666666667,36.79666666666667,53.37333333333332,50.611625,56.363499999999995,38.42333333333333,35.94666666666667,40.934999999999995
ressdhppo_full_safetyon,20,33.81166666666667,31.48329166666667,36.223375000000004,51.01166666666667,48.258291666666665,54.00170833333333,43.80166666666666,41.06820833333334,46.52670833333333
sdhppo_aug_subsample_safetyoff,20,52.84499999999999,51.044958333333334,54.76504166666667,54.55333333333333,52.34162500000001,56.93508333333333,54.47166666666667,52.24495833333332,56.918375000000005
sdhppo_aug_subsample_safetyon,20,43.585,41.136583333333334,45.98837500000001,52.736666666666665,50.25333333333334,55.28337500000001,50.295,47.733291666666666,52.72345833333333
sdhppo_full_safetyoff,20,51.51833333333332,50.056666666666665,53.021791666666665,53.645,51.81500000000001,55.523375,53.336666666666666,51.575,55.08833333333333
sdhppo_full_safetyon,20,42.46666666666666,40.28333333333333,44.71841666666666,52.998333333333335,50.709958333333326,55.40004166666667,49.68500000000001,47.37500000000001,52.00170833333335
sdhppo_no_dueling_safetyoff,20,53.041666666666664,50.78333333333334,55.75341666666666,55.68833333333333,52.99162499999999,58.93008333333332,54.45166666666667,52.211666666666666,56.87504166666667
sdhppo_no_dueling_safetyon,20,43.23166666666667,41.516625,45.041666666666664,53.39833333333333,50.89158333333333,56.05170833333333,51.154999999999994,49.02324999999999,53.448375000000006
sdhppo_real_only_safetyoff,20,51.460000000000015,50.065,53.050041666666665,54.71833333333334,52.725,57.07333333333332,52.94333333333333,51.295,54.711708333333334
sdhppo_real_only_safetyon,20,43.26166666666666,41.06,45.393375000000006,54.016666666666666,51.51495833333333,56.70337500000001,51.30999999999999,48.83166666666666,53.72516666666667
threshold_full_safetyoff,20,70.00833333333333,69.036625,71.00666666666665,74.75999999999999,73.525,76.06170833333334,74.56166666666667,73.41495833333333,75.715
threshold_full_safetyon,20,68.90333333333332,67.85324999999997,69.97,73.74999999999999,72.46166666666667,75.09333333333332,73.70333333333333,72.44500000000001,74.96670833333332
